{"type":"FeatureCollection","features":[{"type":"Feature","properties":{"id":"GE3823","name":"აბაშის","name_en":"Abasha","kind":"municipality"},"geometry":{"type":"Polygon","coordinates":[[[42.3476,42.3097],[42.3372,42.3088],[42.3284,42.3041],[42.3252,42.3042],[42.3241,42.308],[42.3178,42.3081],[42.308,42.3038],[42.3012,42.2973],[42.2974,42.2986],[42.2967,42.294],[42.2925,42.2913],[42.2937,42.2902],[42.2803,42.2877],[42.2759,42.2836],[42.2741,42.2895],[42.2702,42.29],[42.2715,42.2932],[42.2664,42.2952],[42.2571,42.2982],[42.2313,42.2967],[42.2329,42.2997],[42.2276,42.3023],[42.2222,42.2916],[42.2154,42.2899],[42.2113,42.2834],[42.2093,42.2724],[42.2022,42.265],[42.1937,42.2656],[42.1909,42.275],[42.184,42.2767],[42.1797,42.2814],[42.1702,42.2859],[42.1673,42.2845],[42.1676,42.2816],[42.1694,42.2823],[42.1682,42.2771],[42.1624,42.2697],[42.158,42.268],[42.158,42.2621],[42.1552,42.2614],[42.1507,42.2509],[42.1542,42.2479],[42.149,42.2417],[42.1174,42.2352],[42.1126,42.2285],[42.1086,42.2281],[42.1088,42.2252],[42.1053,42.2224],[42.0948,42.22],[42.0947,42.2139],[42.0906,42.214],[42.0835,42.2003],[42.0733,42.2024],[42.074,42.1964],[42.0707,42.192],[42.0641,42.1956],[42.0613,42.1925],[42.0556,42.1929],[42.049,42.1879],[42.0414,42.1893],[42.0338,42.187],[42.0271,42.1803],[42.0268,42.1738],[42.0223,42.1694],[42.0222,42.1637],[42.0373,42.1613],[42.0565,42.1656],[42.0596,42.16],[42.077,42.1607],[42.0667,42.1467],[42.0688,42.1466],[42.0677,42.1449],[42.076,42.1444],[42.0725,42.139],[42.0864,42.1418],[42.0991,42.1393],[42.1143,42.1421],[42.118,42.136],[42.126,42.1348],[42.1277,42.1309],[42.132,42.1298],[42.1308,42.116],[42.1568,42.1162],[42.1664,42.1199],[42.1671,42.1173],[42.1723,42.1176],[42.173,42.1156],[42.1865,42.1153],[42.1851,42.1177],[42.1891,42.1152],[42.194,42.1177],[42.2079,42.1149],[42.2163,42.1224],[42.2223,42.1212],[42.2228,42.1242],[42.2578,42.1107],[42.2844,42.106],[42.2943,42.1153],[42.2984,42.1243],[42.2935,42.1278],[42.2927,42.1345],[42.2949,42.1377],[42.2898,42.1418],[42.2949,42.1481],[42.3021,42.1473],[42.2964,42.1536],[42.3015,42.1604],[42.2946,42.1649],[42.2938,42.1746],[42.2877,42.1808],[42.2917,42.188],[42.2862,42.1912],[42.2844,42.1962],[42.295,42.2141],[42.2878,42.2189],[42.2836,42.2354],[42.2956,42.243],[42.2973,42.2467],[42.3014,42.2484],[42.3011,42.2505],[42.3118,42.2582],[42.316,42.2641],[42.3162,42.2713],[42.3202,42.2746],[42.3194,42.2771],[42.3356,42.2899],[42.3391,42.2972],[42.3479,42.3036],[42.3474,42.3092],[42.3476,42.3097]]]}},{"type":"Feature","properties":{"id":"GE4123","name":"ადიგენის","name_en":"Adigeni","kind":"municipality"},"geometry":{"type":"Polygon","coordinates":[[[42.9602,41.8161],[42.9512,41.8116],[42.9315,41.8129],[42.9138,41.823],[42.9137,41.8299],[42.9113,41.8321],[42.9033,41.8324],[42.8893,41.8239],[42.8727,41.8222],[42.8709,41.8263],[42.867,41.8277],[42.8461,41.8273],[42.8304,41.8329],[42.8275,41.8396],[42.8138,41.8393],[42.8006,41.8442],[42.7903,41.8433],[42.7901,41.8298],[42.7657,41.8231],[42.7456,41.8105],[42.7394,41.817],[42.7281,41.8194],[42.6954,41.817],[42.6901,41.8179],[42.6841,41.824],[42.6691,41.8304],[42.6204,41.8364],[42.6169,41.8282],[42.6086,41.8226],[42.6061,41.8052],[42.5969,41.799],[42.5847,41.7972],[42.5812,41.7945],[42.5781,41.7969],[42.5634,41.7967],[42.5541,41.7999],[42.5489,41.8062],[42.5445,41.8067],[42.5202,41.8033],[42.4866,41.8028],[42.503,41.7852],[42.5042,41.7792],[42.5198,41.7651],[42.5149,41.7473],[42.508,41.7381],[42.5079,41.7293],[42.5021,41.726],[42.4998,41.7205],[42.4859,41.7076],[42.503,41.7001],[42.5075,41.6945],[42.5184,41.6595],[42.5289,41.6547],[42.5461,41.6537],[42.5669,41.6389],[42.5781,41.6166],[42.5843,41.6099],[42.5843,41.6044],[42.5882,41.603],[42.5908,41.5949],[42.6005,41.585],[42.6568,41.5924],[42.6839,41.6002],[42.6994,41.6004],[42.7144,41.5957],[42.7397,41.5962],[42.7528,41.585],[42.7689,41.5854],[42.7746,41.5781],[42.7819,41.5773],[42.7823,41.5828],[42.7934,41.5885],[42.8273,41.5873],[42.8268,41.5927],[42.8295,41.5973],[42.8279,41.6056],[42.8288,41.6105],[42.8315,41.6112],[42.8284,41.6202],[42.8354,41.6211],[42.8388,41.6244],[42.8432,41.623],[42.846,41.6339],[42.8507,41.6345],[42.857,41.6392],[42.8562,41.6462],[42.8649,41.6495],[42.8801,41.6472],[42.8877,41.6485],[42.8891,41.6525],[42.8828,41.6571],[42.8833,41.6606],[42.9093,41.6639],[42.9166,41.6701],[42.9151,41.6782],[42.92,41.6951],[42.9162,41.7029],[42.9083,41.705],[42.9044,41.7103],[42.9056,41.7165],[42.9154,41.7192],[42.9189,41.7296],[42.9101,41.7381],[42.9099,41.7442],[42.9148,41.7489],[42.9216,41.7487],[42.9256,41.7531],[42.9218,41.77],[42.9181,41.7748],[42.9189,41.7791],[42.9118,41.7846],[42.9168,41.7937],[42.9191,41.7943],[42.9491,41.79],[42.9612,41.7953],[42.9528,41.8053],[42.9592,41.8145],[42.9602,41.8161]]]}},{"type":"Feature","properties":{"id":"GE4127","name":"ახალქალაქის","name_en":"Akhalkalaki","kind":"municipality"},"geometry":{"type":"Polygon","coordinates":[[[43.723,41.6822],[43.6972,41.6836],[43.6666,41.6769],[43.6633,41.6626],[43.6645,41.6581],[43.5866,41.6384],[43.591,41.6333],[43.5914,41.6225],[43.5732,41.6201],[43.5719,41.6159],[43.5615,41.6177],[43.5407,41.5989],[43.5311,41.5949],[43.5256,41.5994],[43.5247,41.6039],[43.5227,41.6038],[43.5208,41.6173],[43.5122,41.6366],[43.4959,41.6385],[43.4823,41.6482],[43.4566,41.6532],[43.4443,41.6594],[43.4294,41.6502],[43.4251,41.6454],[43.4244,41.6399],[43.3791,41.6292],[43.3711,41.6243],[43.3605,41.6122],[43.3483,41.5908],[43.3434,41.5765],[43.3453,41.5725],[43.3502,41.571],[43.3461,41.568],[43.3491,41.5639],[43.3432,41.5639],[43.34,41.5548],[43.3459,41.551],[43.3512,41.5429],[43.3676,41.5099],[43.3762,41.5118],[43.383,41.5078],[43.3836,41.5055],[43.3757,41.5021],[43.3788,41.4956],[43.3863,41.491],[43.3857,41.4864],[43.3818,41.48],[43.3777,41.4835],[43.3604,41.4841],[43.3551,41.4872],[43.3535,41.4844],[43.3551,41.4769],[43.3528,41.4774],[43.3493,41.461],[43.3238,41.4584],[43.323,41.438],[43.3291,41.4369],[43.3274,41.434],[43.3321,41.4264],[43.3425,41.4265],[43.3552,41.4187],[43.3495,41.398],[43.3436,41.3933],[43.3361,41.394],[43.3384,41.3873],[43.3342,41.3813],[43.3262,41.3791],[43.3179,41.3818],[43.3097,41.3784],[43.3012,41.3846],[43.2973,41.3833],[43.296,41.3954],[43.2932,41.3983],[43.282,41.3947],[43.2779,41.3909],[43.2782,41.3875],[43.2896,41.3815],[43.2863,41.38],[43.2928,41.379],[43.2971,41.3717],[43.2894,41.366],[43.2822,41.3657],[43.2822,41.3718],[43.2774,41.376],[43.2561,41.3684],[43.2559,41.3609],[43.2535,41.3583],[43.2619,41.3423],[43.2653,41.3264],[43.2568,41.3237],[43.25,41.3317],[43.2381,41.3294],[43.2312,41.3217],[43.2302,41.3168],[43.2133,41.3042],[43.2162,41.2996],[43.2123,41.297],[43.2131,41.2892],[43.2021,41.2846],[43.1977,41.2858],[43.1926,41.284],[43.1865,41.2809],[43.1857,41.2776],[43.1807,41.2762],[43.1794,41.2727],[43.1692,41.2726],[43.1571,41.268],[43.1525,41.2616],[43.1427,41.2596],[43.1416,41.2573],[43.1378,41.258],[43.1274,41.2526],[43.1352,41.2521],[43.1528,41.245],[43.168,41.2491],[43.1762,41.2538],[43.1947,41.2536],[43.1989,41.2463],[43.2019,41.2334],[43.2384,41.1844],[43.2302,41.1744],[43.232,41.1734],[43.2357,41.176],[43.242,41.1746],[43.2471,41.1774],[43.2536,41.1758],[43.2625,41.1779],[43.2941,41.1882],[43.3062,41.1885],[43.3227,41.1943],[43.3311,41.2],[43.3593,41.2004],[43.3692,41.2027],[43.384,41.2],[43.4142,41.1855],[43.4332,41.1807],[43.4306,41.1866],[43.4349,41.2122],[43.4355,41.2338],[43.4381,41.2383],[43.4367,41.2446],[43.4391,41.2502],[43.4348,41.2574],[43.4349,41.2631],[43.432,41.2656],[43.4331,41.271],[43.4303,41.2703],[43.4347,41.2867],[43.4329,41.2945],[43.4287,41.2974],[43.429,41.3001],[43.4207,41.3037],[43.4252,41.3171],[43.4308,41.3225],[43.4415,41.3278],[43.4541,41.3297],[43.4683,41.3421],[43.4844,41.3475],[43.4869,41.3422],[43.4859,41.3393],[43.4933,41.3297],[43.4977,41.328],[43.5044,41.3309],[43.51,41.3271],[43.5087,41.3333],[43.517,41.3336],[43.5214,41.34],[43.5278,41.3306],[43.5381,41.3244],[43.5395,41.3268],[43.542,41.3263],[43.545,41.3321],[43.5509,41.334],[43.5529,41.3404],[43.553,41.3499],[43.5488,41.3541],[43.5425,41.3547],[43.5422,41.3601],[43.5502,41.3634],[43.5486,41.368],[43.5509,41.3736],[43.5635,41.3838],[43.5814,41.3705],[43.5824,41.3738],[43.5884,41.3762],[43.6034,41.3889],[43.6078,41.3898],[43.6159,41.387],[43.6415,41.3939],[43.6519,41.3893],[43.6605,41.3934],[43.6601,41.3969],[43.6778,41.398],[43.6798,41.4041],[43.6669,41.4087],[43.6788,41.4242],[43.6748,41.4275],[43.6779,41.4334],[43.678,41.4384],[43.6754,41.4412],[43.6768,41.4438],[43.6612,41.4523],[43.6757,41.4566],[43.6839,41.463],[43.6867,41.5275],[43.6701,41.5368],[43.6758,41.5498],[43.6928,41.5585],[43.6926,41.5689],[43.6897,41.5744],[43.6981,41.5784],[43.7026,41.5837],[43.6994,41.591],[43.7035,41.5952],[43.7034,41.6014],[43.7087,41.6174],[43.7053,41.6258],[43.7096,41.6306],[43.7086,41.6353],[43.7114,41.6445],[43.7089,41.6473],[43.7096,41.6516],[43.7182,41.6712],[43.723,41.6822]]]}},{"type":"Feature","properties":{"id":"GE4129","name":"ახალციხის","name_en":"Akhaltsikhe","kind":"municipality"},"geometry":{"type":"Polygon","coordinates":[[[43.1201,41.8328],[43.116,41.8311],[43.1,41.8352],[43.0762,41.8307],[43.0587,41.8338],[43.0493,41.8312],[43.024,41.8324],[43.0169,41.8361],[43.0057,41.8344],[43.0004,41.8391],[42.9956,41.8398],[42.9733,41.8342],[42.9685,41.8233],[42.9604,41.8171],[42.9579,41.8106],[42.9531,41.8068],[42.9548,41.8013],[42.9612,41.7953],[42.9491,41.79],[42.9168,41.7937],[42.9118,41.7846],[42.9189,41.7791],[42.9181,41.7748],[42.9218,41.77],[42.9256,41.7531],[42.9216,41.7487],[42.9148,41.7489],[42.9099,41.7442],[42.9101,41.7381],[42.9189,41.7296],[42.9154,41.7192],[42.9056,41.7165],[42.9044,41.7103],[42.9083,41.705],[42.9162,41.7029],[42.92,41.6951],[42.9151,41.6782],[42.9166,41.6701],[42.9093,41.6639],[42.8833,41.6606],[42.8828,41.6571],[42.8891,41.6525],[42.8877,41.6485],[42.8801,41.6472],[42.8649,41.6495],[42.8563,41.6463],[42.857,41.6392],[42.8507,41.6345],[42.846,41.6339],[42.8432,41.623],[42.8388,41.6244],[42.8354,41.6211],[42.8284,41.6202],[42.8315,41.6112],[42.8288,41.6105],[42.8279,41.6056],[42.8295,41.5973],[42.8268,41.5927],[42.8273,41.5873],[42.8359,41.5852],[42.8333,41.5804],[42.8342,41.5709],[42.83,41.5592],[42.8202,41.5561],[42.8186,41.5531],[42.8168,41.5393],[42.8057,41.5309],[42.7971,41.5174],[42.8045,41.5075],[42.8011,41.5027],[42.8019,41.4954],[42.82,41.4889],[42.8296,41.4795],[42.8499,41.4732],[42.8513,41.4705],[42.8585,41.4733],[42.8577,41.4772],[42.8612,41.4824],[42.8627,41.492],[42.8693,41.4982],[42.8775,41.5031],[42.8947,41.5019],[42.901,41.4998],[42.8992,41.4877],[42.8968,41.4877],[42.899,41.479],[42.93,41.4709],[42.9317,41.4642],[42.9358,41.4645],[42.9449,41.4568],[42.9671,41.4514],[42.97,41.4448],[43.0068,41.4563],[43.0118,41.451],[43.0173,41.4499],[43.0237,41.4375],[43.0286,41.4349],[43.0485,41.4442],[43.0499,41.4398],[43.0567,41.4365],[43.0613,41.4305],[43.0779,41.4275],[43.0847,41.4375],[43.0798,41.4488],[43.0806,41.4544],[43.0929,41.4669],[43.0944,41.4717],[43.0924,41.475],[43.0941,41.482],[43.0924,41.4854],[43.0963,41.4895],[43.098,41.4971],[43.105,41.5046],[43.1043,41.5086],[43.1295,41.5153],[43.1368,41.5241],[43.1477,41.5299],[43.1403,41.5339],[43.152,41.5346],[43.1505,41.5378],[43.138,41.5449],[43.1412,41.5485],[43.1354,41.5516],[43.1336,41.5573],[43.1324,41.5557],[43.1187,41.5573],[43.1156,41.5636],[43.111,41.5663],[43.112,41.5676],[43.1064,41.5678],[43.1009,41.5728],[43.0967,41.5696],[43.0929,41.5698],[43.0929,41.5652],[43.0849,41.5729],[43.0932,41.5757],[43.0946,41.5802],[43.0984,41.5823],[43.1176,41.5869],[43.1154,41.5934],[43.1167,41.6002],[43.1229,41.6058],[43.1223,41.613],[43.1165,41.6125],[43.1129,41.6155],[43.1021,41.6169],[43.1003,41.6133],[43.0951,41.618],[43.0985,41.619],[43.1024,41.6251],[43.112,41.6239],[43.1217,41.6285],[43.126,41.6272],[43.1312,41.6299],[43.1424,41.6434],[43.1447,41.6507],[43.1764,41.6538],[43.1854,41.6581],[43.1923,41.6666],[43.2161,41.6805],[43.2365,41.6805],[43.253,41.6869],[43.2634,41.6844],[43.2739,41.6891],[43.2677,41.6961],[43.2665,41.7047],[43.2582,41.7103],[43.2504,41.7114],[43.2506,41.7169],[43.2437,41.7211],[43.2442,41.7241],[43.2366,41.7243],[43.2404,41.7264],[43.2378,41.7279],[43.2407,41.7308],[43.2396,41.7357],[43.2321,41.7411],[43.2279,41.7416],[43.2119,41.7358],[43.1933,41.7397],[43.2096,41.7472],[43.2085,41.7514],[43.2153,41.7593],[43.2107,41.763],[43.2017,41.7819],[43.1898,41.7833],[43.1628,41.7931],[43.1502,41.8134],[43.1384,41.8181],[43.1361,41.8278],[43.1216,41.8318],[43.1201,41.8328]],[[43.0323,41.6575],[43.0425,41.6511],[43.0352,41.6521],[43.0263,41.6489],[43.0188,41.6491],[43.0215,41.642],[43.0242,41.6415],[43.0172,41.6361],[43.0195,41.6316],[43.0165,41.629],[43.0046,41.6302],[43.0027,41.6326],[42.9912,41.6277],[42.9896,41.6335],[42.9744,41.6283],[42.967,41.6308],[42.9663,41.6382],[42.969,41.6403],[42.9663,41.6449],[42.9673,41.6475],[42.9593,41.655],[42.9736,41.6558],[42.9784,41.6532],[43.0068,41.6508],[43.0146,41.6562],[43.0167,41.6538],[43.0299,41.6593],[43.0323,41.6575]]]}},{"type":"Feature","properties":{"id":"GE4111","name":"ქ. ახალციხე","name_en":"Akhaltsikhe City","kind":"city"},"geometry":{"type":"Polygon","coordinates":[[[43.0323,41.6575],[43.0299,41.6593],[43.0167,41.6538],[43.0146,41.6562],[43.0068,41.6508],[42.9784,41.6532],[42.9736,41.6558],[42.9593,41.655],[42.9673,41.6475],[42.9663,41.6449],[42.969,41.6403],[42.9663,41.6382],[42.967,41.6308],[42.9744,41.6283],[42.9896,41.6335],[42.9912,41.6277],[43.0027,41.6326],[43.0046,41.6302],[43.0165,41.629],[43.0195,41.6316],[43.0172,41.6361],[43.0242,41.6415],[43.0215,41.642],[43.0188,41.6491],[43.0263,41.6489],[43.0352,41.6521],[43.0425,41.6511],[43.0326,41.6572],[43.0323,41.6575]]]}},{"type":"Feature","properties":{"id":"GE2924","name":"ახმეტის","name_en":"Akhmeta","kind":"municipality"},"geometry":{"type":"Polygon","coordinates":[[[45.3426,42.5222],[45.3326,42.5277],[45.3249,42.5478],[45.3268,42.555],[45.3249,42.5652],[45.3142,42.5741],[45.2935,42.5505],[45.2777,42.5437],[45.2795,42.5334],[45.2711,42.5259],[45.2701,42.5211],[45.271,42.4963],[45.2672,42.4819],[45.2746,42.4744],[45.2736,42.4668],[45.2671,42.4558],[45.2467,42.4497],[45.2318,42.4332],[45.2217,42.4272],[45.2197,42.4188],[45.2215,42.412],[45.2279,42.403],[45.2255,42.3879],[45.2338,42.3823],[45.2404,42.3714],[45.2453,42.3498],[45.2451,42.3377],[45.24,42.3326],[45.2251,42.3247],[45.1912,42.3191],[45.1876,42.3161],[45.1859,42.3183],[45.1821,42.3178],[45.1808,42.3153],[45.1825,42.3137],[45.1763,42.3103],[45.171,42.3116],[45.1671,42.3091],[45.1692,42.2982],[45.1648,42.2981],[45.1727,42.2943],[45.1716,42.2911],[45.1779,42.2881],[45.1692,42.2908],[45.1541,42.2886],[45.1492,42.2805],[45.1488,42.2846],[45.1415,42.2881],[45.1334,42.2838],[45.1301,42.279],[45.1263,42.2789],[45.13,42.2603],[45.1244,42.2596],[45.1123,42.25],[45.1113,42.2404],[45.1023,42.2355],[45.0985,42.2164],[45.0935,42.2115],[45.0965,42.2027],[45.0925,42.1998],[45.0919,42.1814],[45.081,42.1658],[45.0791,42.1466],[45.0818,42.1397],[45.0782,42.1356],[45.0689,42.1356],[45.0495,42.1267],[45.0449,42.1178],[45.0449,42.1123],[45.0661,42.1061],[45.0763,42.0937],[45.0606,42.0766],[45.0559,42.0676],[45.0716,42.0436],[45.0753,42.0395],[45.0817,42.0374],[45.0946,42.0237],[45.0927,42.0127],[45.0881,42.0106],[45.0863,42.0044],[45.078,42.0003],[45.0678,41.9873],[45.0669,41.9818],[45.0816,41.9735],[45.0816,41.968],[45.0917,41.9557],[45.0972,41.9529],[45.1046,41.9522],[45.1258,41.9591],[45.1432,41.9515],[45.1487,41.9446],[45.1773,41.9473],[45.1791,41.9425],[45.1745,41.9405],[45.1754,41.937],[45.1965,41.9301],[45.2011,41.915],[45.1955,41.9126],[45.2239,41.8996],[45.2184,41.8981],[45.2099,41.8996],[45.211,41.9018],[45.2054,41.9035],[45.2037,41.8964],[45.2064,41.8968],[45.2071,41.8936],[45.2154,41.8903],[45.2217,41.8773],[45.2275,41.8789],[45.2441,41.8751],[45.2543,41.8762],[45.2585,41.8792],[45.2501,41.8804],[45.2537,41.8852],[45.2617,41.8812],[45.2612,41.8789],[45.2716,41.8759],[45.2733,41.881],[45.2799,41.878],[45.2775,41.8843],[45.282,41.8801],[45.3007,41.8821],[45.3051,41.887],[45.31,41.8845],[45.3102,41.89],[45.3158,41.8969],[45.3407,41.9071],[45.3407,41.9229],[45.3454,41.9332],[45.3537,41.9366],[45.3605,41.9471],[45.3615,41.9451],[45.3705,41.951],[45.3782,41.9641],[45.3804,41.9662],[45.384,41.9656],[45.3917,41.9851],[45.3967,41.9841],[45.4007,41.9869],[45.4064,42.0001],[45.41,42.0007],[45.4174,42.011],[45.4103,42.0134],[45.4192,42.0226],[45.4052,42.0359],[45.3996,42.0459],[45.4062,42.0495],[45.3999,42.0639],[45.4071,42.0644],[45.4112,42.0676],[45.4073,42.0736],[45.4069,42.081],[45.4009,42.0844],[45.4103,42.0961],[45.4046,42.1048],[45.4039,42.1153],[45.3994,42.1214],[45.3925,42.1243],[45.3688,42.1496],[45.3568,42.1725],[45.3634,42.185],[45.3811,42.1918],[45.3831,42.2043],[45.3934,42.2216],[45.4289,42.2367],[45.4402,42.2463],[45.4198,42.2734],[45.4424,42.2927],[45.4671,42.2959],[45.478,42.2943],[45.5059,42.2776],[45.5122,42.2744],[45.5231,42.2735],[45.5282,42.2673],[45.534,42.2657],[45.5297,42.2508],[45.5425,42.2217],[45.5574,42.2209],[45.5714,42.225],[45.5844,42.2208],[45.591,42.2249],[45.5978,42.2339],[45.6116,42.2386],[45.6151,42.2374],[45.6204,42.2421],[45.6222,42.2447],[45.6175,42.2492],[45.6179,42.2533],[45.6324,42.2639],[45.6378,42.2753],[45.641,42.2766],[45.6522,42.2924],[45.6567,42.2921],[45.6697,42.2829],[45.6758,42.2858],[45.6875,42.2855],[45.7019,42.2965],[45.7138,42.2939],[45.7204,42.289],[45.7373,42.2933],[45.752,42.3084],[45.7557,42.3259],[45.7418,42.3328],[45.7411,42.3597],[45.743,42.363],[45.7353,42.3712],[45.734,42.3784],[45.7507,42.3975],[45.7551,42.4094],[45.7616,42.4126],[45.7695,42.4218],[45.7742,42.4304],[45.776,42.442],[45.7808,42.447],[45.7785,42.4537],[45.7708,42.4611],[45.7761,42.474],[45.7744,42.4887],[45.7492,42.4832],[45.7419,42.4795],[45.7321,42.4803],[45.7207,42.4757],[45.6985,42.4818],[45.6917,42.4916],[45.6873,42.5053],[45.6805,42.5074],[45.665,42.5063],[45.6511,42.4994],[45.6328,42.5107],[45.6139,42.5056],[45.5972,42.517],[45.5954,42.5292],[45.5988,42.5335],[45.584,42.5403],[45.5819,42.5456],[45.5716,42.5488],[45.5594,42.5414],[45.5525,42.5418],[45.5423,42.5379],[45.5223,42.5455],[45.5107,42.5375],[45.4927,42.5353],[45.4729,42.5401],[45.4631,42.5393],[45.4519,42.5459],[45.4308,42.5409],[45.4175,42.5518],[45.4117,42.549],[45.4039,42.549],[45.3951,42.5379],[45.3759,42.5288],[45.3636,42.5274],[45.3537,42.5218],[45.3446,42.5221],[45.3426,42.5222]]]}},{"type":"Feature","properties":{"id":"GE3523","name":"ამბროლაურის","name_en":"Ambrolauri","kind":"municipality"},"geometry":{"type":"Polygon","coordinates":[[[43.3119,42.4571],[43.3009,42.4637],[43.2945,42.4794],[43.292,42.4925],[43.3016,42.5014],[43.2993,42.5117],[43.2862,42.5183],[43.2465,42.5215],[43.2461,42.532],[43.2402,42.5356],[43.2505,42.5427],[43.2381,42.5536],[43.2543,42.5829],[43.2816,42.6143],[43.2825,42.6186],[43.2879,42.6197],[43.2906,42.6243],[43.3109,42.6314],[43.3291,42.6479],[43.3499,42.6466],[43.3611,42.6491],[43.3598,42.6549],[43.3557,42.6584],[43.3508,42.6772],[43.3429,42.6901],[43.34,42.7092],[43.3331,42.718],[43.3217,42.7249],[43.3201,42.7288],[43.3218,42.7371],[43.3164,42.7519],[43.323,42.7652],[43.3216,42.7731],[43.3357,42.7873],[43.3355,42.7942],[43.3409,42.8034],[43.3236,42.8221],[43.3099,42.8286],[43.3097,42.8259],[43.3009,42.819],[43.2971,42.8088],[43.29,42.803],[43.2724,42.795],[43.2628,42.7833],[43.2564,42.7798],[43.2507,42.7882],[43.2305,42.7776],[43.2154,42.7763],[43.1981,42.7804],[43.1907,42.7799],[43.1844,42.776],[43.179,42.7691],[43.181,42.7634],[43.1701,42.7484],[43.168,42.7415],[43.1613,42.7391],[43.1572,42.7346],[43.1701,42.7185],[43.1649,42.7151],[43.1586,42.7047],[43.1444,42.7021],[43.129,42.7114],[43.0859,42.7073],[43.0697,42.7003],[43.0581,42.6794],[43.0439,42.6779],[43.0156,42.6697],[42.9967,42.6742],[42.977,42.6734],[42.9799,42.6646],[42.9747,42.6565],[42.9588,42.648],[42.9454,42.6342],[42.9289,42.6311],[42.9225,42.6228],[42.9137,42.6202],[42.9239,42.6049],[42.9193,42.5974],[42.9183,42.5894],[42.9148,42.5851],[42.9069,42.5831],[42.9084,42.5786],[42.9062,42.5723],[42.91,42.5688],[42.9158,42.5507],[42.8978,42.5404],[42.8716,42.5362],[42.862,42.54],[42.8477,42.5376],[42.8449,42.5345],[42.8449,42.5252],[42.8332,42.52],[42.8336,42.5123],[42.8303,42.5057],[42.8379,42.501],[42.8537,42.4993],[42.8829,42.4876],[42.9073,42.4849],[42.9228,42.4799],[42.9528,42.4613],[42.9661,42.4504],[42.9724,42.4391],[42.9806,42.433],[42.9862,42.4237],[42.9853,42.419],[42.9783,42.4131],[42.959,42.414],[42.9624,42.3915],[42.9775,42.388],[42.989,42.3927],[43.0153,42.3933],[43.0251,42.3895],[43.0307,42.3844],[43.0413,42.3663],[43.0472,42.3623],[43.0709,42.3682],[43.0769,42.3738],[43.0875,42.3697],[43.0931,42.3701],[43.0981,42.3722],[43.1053,42.3809],[43.1096,42.3821],[43.1245,42.3742],[43.1257,42.3869],[43.1362,42.3929],[43.1768,42.4027],[43.2074,42.4023],[43.2106,42.41],[43.2346,42.4326],[43.242,42.4351],[43.2653,42.4321],[43.2727,42.4335],[43.2898,42.4457],[43.3119,42.4571]],[[43.1503,42.5297],[43.1561,42.5287],[43.1541,42.525],[43.1497,42.5243],[43.1673,42.522],[43.1551,42.516],[43.1602,42.5109],[43.1593,42.5085],[43.1513,42.5122],[43.1505,42.516],[43.1434,42.5153],[43.1406,42.5172],[43.1378,42.5146],[43.125,42.5212],[43.1273,42.5251],[43.1437,42.524],[43.1427,42.5295],[43.145,42.5313],[43.15,42.5299],[43.1503,42.5297]]]}},{"type":"Feature","properties":{"id":"GE3511","name":"ქ. ამბროლაური","name_en":"Ambrolauri City","kind":"city"},"geometry":{"type":"Polygon","coordinates":[[[43.1503,42.5297],[43.145,42.5313],[43.1427,42.5295],[43.1437,42.524],[43.1273,42.5251],[43.1256,42.5208],[43.1378,42.5146],[43.1406,42.5172],[43.1434,42.5153],[43.1508,42.5159],[43.1513,42.5122],[43.1593,42.5085],[43.1602,42.5109],[43.1551,42.516],[43.1673,42.522],[43.1497,42.5243],[43.1541,42.525],[43.1561,42.5287],[43.1508,42.5295],[43.1503,42.5297]]]}},{"type":"Feature","properties":{"id":"GE4125","name":"ასპინძის","name_en":"Aspindza","kind":"municipality"},"geometry":{"type":"Polygon","coordinates":[[[43.4325,41.6515],[43.4273,41.6663],[43.4142,41.6663],[43.4066,41.6734],[43.3972,41.6678],[43.3929,41.6677],[43.3873,41.6773],[43.3747,41.6854],[43.3689,41.6966],[43.363,41.7017],[43.3437,41.7044],[43.3413,41.7017],[43.3438,41.6972],[43.3411,41.6951],[43.3171,41.6925],[43.3124,41.688],[43.302,41.6873],[43.2969,41.6839],[43.288,41.6843],[43.2832,41.6876],[43.2739,41.6891],[43.2634,41.6844],[43.253,41.6869],[43.2365,41.6805],[43.2161,41.6805],[43.1923,41.6666],[43.1854,41.6581],[43.1764,41.6538],[43.1447,41.6507],[43.1424,41.6434],[43.1312,41.6299],[43.126,41.6272],[43.1217,41.6285],[43.112,41.6239],[43.1024,41.6251],[43.0985,41.619],[43.0951,41.618],[43.1003,41.6133],[43.1021,41.6169],[43.1129,41.6155],[43.1165,41.6125],[43.1223,41.613],[43.1229,41.6058],[43.1167,41.6002],[43.1154,41.5934],[43.1176,41.5869],[43.0984,41.5823],[43.0946,41.5802],[43.0932,41.5757],[43.0849,41.5729],[43.0929,41.5652],[43.0929,41.5698],[43.0967,41.5696],[43.1009,41.5728],[43.1064,41.5678],[43.112,41.5676],[43.111,41.5663],[43.1156,41.5636],[43.1187,41.5573],[43.1324,41.5557],[43.1336,41.5573],[43.1354,41.5516],[43.1412,41.5485],[43.138,41.5449],[43.1505,41.5378],[43.152,41.5346],[43.1403,41.5339],[43.1477,41.5299],[43.1368,41.5241],[43.1295,41.5153],[43.1043,41.5086],[43.105,41.5046],[43.098,41.4971],[43.0963,41.4895],[43.0924,41.4854],[43.0941,41.482],[43.0924,41.475],[43.0944,41.4717],[43.0929,41.4669],[43.0806,41.4544],[43.0798,41.4488],[43.0848,41.4387],[43.0809,41.4309],[43.0757,41.4265],[43.0613,41.4305],[43.0567,41.4365],[43.0499,41.4398],[43.0485,41.4442],[43.0286,41.4349],[43.0237,41.4375],[43.0173,41.4499],[43.0118,41.451],[43.0068,41.4563],[42.97,41.4448],[42.9713,41.441],[42.9678,41.4335],[42.9896,41.4245],[42.9883,41.4117],[43.0037,41.4068],[43.0061,41.3984],[43.0117,41.3954],[43.0216,41.3792],[43.0182,41.3756],[43.0317,41.371],[43.0391,41.3765],[43.0437,41.3768],[43.0547,41.373],[43.0606,41.3662],[43.0714,41.3652],[43.0828,41.3595],[43.0944,41.3573],[43.1081,41.3498],[43.1354,41.3194],[43.159,41.3161],[43.1663,41.3093],[43.1838,41.305],[43.19,41.3047],[43.1985,41.3086],[43.2142,41.3051],[43.2302,41.3168],[43.2312,41.3217],[43.2381,41.3294],[43.25,41.3317],[43.2533,41.33],[43.2561,41.3239],[43.2628,41.3248],[43.2658,41.3287],[43.2636,41.3296],[43.2619,41.3423],[43.2535,41.3583],[43.2559,41.3609],[43.2561,41.3684],[43.2774,41.376],[43.2822,41.3718],[43.2822,41.3657],[43.2894,41.366],[43.2971,41.3717],[43.2928,41.379],[43.2863,41.38],[43.2896,41.3815],[43.2782,41.3875],[43.2779,41.3909],[43.282,41.3947],[43.2932,41.3983],[43.296,41.3954],[43.2973,41.3833],[43.3012,41.3846],[43.3097,41.3784],[43.3179,41.3818],[43.3262,41.3791],[43.3342,41.3813],[43.3384,41.3873],[43.3359,41.3939],[43.3436,41.3933],[43.3504,41.3998],[43.3552,41.4187],[43.3425,41.4265],[43.3321,41.4264],[43.3274,41.434],[43.3291,41.4369],[43.323,41.438],[43.3238,41.4584],[43.3493,41.461],[43.3528,41.4774],[43.3551,41.4769],[43.3535,41.4844],[43.3551,41.4872],[43.3604,41.4841],[43.3777,41.4835],[43.3818,41.48],[43.3857,41.4864],[43.3863,41.491],[43.3788,41.4956],[43.3757,41.5021],[43.3836,41.5055],[43.383,41.5078],[43.3762,41.5118],[43.3676,41.5099],[43.3512,41.5429],[43.3459,41.551],[43.34,41.5548],[43.3432,41.5639],[43.3491,41.5639],[43.3461,41.568],[43.3502,41.571],[43.3453,41.5725],[43.3434,41.5765],[43.3483,41.5908],[43.3605,41.6122],[43.3711,41.6243],[43.3791,41.6292],[43.4244,41.6399],[43.4251,41.6454],[43.4294,41.6502],[43.4325,41.6515]]]}},{"type":"Feature","properties":{"id":"GE2623","name":"ბაღდათის","name_en":"Baghdati","kind":"municipality"},"geometry":{"type":"Polygon","coordinates":[[[42.7898,42.1958],[42.7858,42.1961],[42.7835,42.1908],[42.7804,42.1921],[42.7758,42.189],[42.7662,42.1881],[42.7595,42.1924],[42.7538,42.1915],[42.7482,42.1819],[42.7225,42.1688],[42.7091,42.1584],[42.709,42.1543],[42.7029,42.1519],[42.6999,42.1463],[42.6912,42.1395],[42.673,42.1342],[42.668,42.1285],[42.6606,42.1274],[42.6637,42.1211],[42.6677,42.1227],[42.6691,42.121],[42.6668,42.1163],[42.6694,42.1161],[42.6666,42.1124],[42.6674,42.1099],[42.6741,42.1133],[42.6718,42.1057],[42.6822,42.1043],[42.6899,42.1003],[42.6919,42.0932],[42.6988,42.0931],[42.6988,42.0914],[42.7125,42.0874],[42.7151,42.0881],[42.715,42.0926],[42.719,42.0909],[42.7207,42.0948],[42.7311,42.0926],[42.7295,42.0872],[42.7328,42.085],[42.7336,42.0802],[42.7416,42.0775],[42.7425,42.0739],[42.7369,42.0683],[42.7373,42.0639],[42.7577,42.0609],[42.7577,42.0572],[42.7493,42.0587],[42.7418,42.0506],[42.7464,42.0429],[42.7382,42.0353],[42.741,42.0243],[42.7468,42.0182],[42.7582,42.0204],[42.758,42.0178],[42.7675,42.0241],[42.7688,42.0277],[42.7836,42.0158],[42.7768,42.0097],[42.7983,42.0062],[42.8073,42.0113],[42.8036,42.0018],[42.8002,42.0006],[42.7965,41.9882],[42.7855,41.984],[42.7788,41.9664],[42.7681,41.9615],[42.7623,41.9512],[42.7574,41.9474],[42.7567,41.9424],[42.7506,41.9403],[42.7531,41.9393],[42.7539,41.9357],[42.7484,41.9259],[42.7488,41.9169],[42.7449,41.9109],[42.7461,41.9098],[42.7427,41.9034],[42.7296,41.891],[42.7274,41.8842],[42.7286,41.8598],[42.7311,41.8563],[42.7242,41.8432],[42.7248,41.8398],[42.7142,41.8327],[42.7142,41.8293],[42.7209,41.8203],[42.7394,41.817],[42.7431,41.8112],[42.7475,41.8108],[42.7657,41.8231],[42.7901,41.8298],[42.7903,41.8433],[42.8006,41.8442],[42.8138,41.8393],[42.8275,41.8396],[42.8304,41.8329],[42.8461,41.8273],[42.867,41.8277],[42.8709,41.8263],[42.8727,41.8222],[42.8893,41.8239],[42.9033,41.8324],[42.9113,41.8321],[42.9137,41.8299],[42.9138,41.823],[42.922,41.8171],[42.9352,41.812],[42.9512,41.8116],[42.9671,41.8215],[42.9733,41.8342],[42.9956,41.8398],[43.0004,41.8391],[43.0057,41.8344],[43.0169,41.8361],[43.024,41.8324],[43.0493,41.8312],[43.0587,41.8338],[43.0762,41.8307],[43.1,41.8352],[43.116,41.8311],[43.1279,41.8354],[43.1283,41.8424],[43.1151,41.8482],[43.1174,41.8509],[43.1161,41.8549],[43.1087,41.8596],[43.1198,41.8751],[43.1178,41.878],[43.0911,41.89],[43.0889,41.9019],[43.0917,41.9031],[43.0768,41.9114],[43.0781,41.9156],[43.0754,41.9222],[43.0784,41.928],[43.0679,41.9333],[43.0667,41.9372],[43.0556,41.9466],[43.0448,41.9526],[43.0452,41.9596],[43.0417,41.9654],[43.0269,41.9672],[43.0115,41.9758],[43.0087,41.9806],[43.0024,41.9822],[43.0037,41.9929],[43.0019,41.9991],[43.01,42.0168],[43.0239,42.0163],[43.0233,42.0195],[43.0298,42.0309],[43.0368,42.0311],[43.0526,42.0373],[43.0435,42.0489],[43.0362,42.0464],[43.0339,42.0397],[42.9988,42.0423],[42.9985,42.0533],[43.0019,42.0557],[43.0078,42.054],[43.0156,42.0576],[43.0123,42.0606],[42.9978,42.0643],[42.987,42.0626],[42.9856,42.0662],[42.9728,42.0726],[42.957,42.075],[42.9495,42.0869],[42.941,42.09],[42.9354,42.0907],[42.9119,42.0847],[42.9069,42.1008],[42.9105,42.1084],[42.9069,42.1131],[42.9091,42.117],[42.8983,42.1291],[42.8998,42.136],[42.8929,42.1379],[42.8878,42.1332],[42.8823,42.1391],[42.8784,42.1399],[42.8739,42.1479],[42.8645,42.1434],[42.8622,42.1481],[42.8582,42.149],[42.8542,42.1459],[42.8427,42.1451],[42.8409,42.1414],[42.8356,42.1391],[42.8311,42.1411],[42.8323,42.1445],[42.8304,42.1482],[42.8212,42.1587],[42.7934,42.1604],[42.7947,42.1792],[42.7887,42.1791],[42.7868,42.1829],[42.7916,42.1883],[42.7837,42.1906],[42.7888,42.1929],[42.7898,42.1958]]]}},{"type":"Feature","properties":{"id":"GE1511","name":"ქ. ბათუმი","name_en":"Batumi","kind":"city"},"geometry":{"type":"Polygon","coordinates":[[[41.734,41.7154],[41.7287,41.717],[41.7219,41.714],[41.7167,41.7034],[41.7059,41.6942],[41.6915,41.673],[41.6817,41.6662],[41.67,41.653],[41.6625,41.6496],[41.6583,41.6522],[41.6488,41.6498],[41.6553,41.65],[41.6573,41.6471],[41.6467,41.6468],[41.6427,41.6541],[41.6441,41.6557],[41.6349,41.6569],[41.6109,41.6413],[41.5828,41.6123],[41.5709,41.6033],[41.5661,41.5836],[41.5641,41.555],[41.5593,41.5392],[41.5734,41.5308],[41.584,41.5465],[41.5824,41.5514],[41.5867,41.557],[41.5847,41.5625],[41.5918,41.5671],[41.5915,41.5722],[41.5881,41.5762],[41.5916,41.5807],[41.5934,41.58],[41.598,41.5956],[41.6367,41.5858],[41.6557,41.5738],[41.6674,41.5696],[41.6627,41.5861],[41.6549,41.5923],[41.6431,41.5956],[41.6515,41.5982],[41.6625,41.6084],[41.6633,41.6122],[41.658,41.6179],[41.6588,41.621],[41.656,41.6223],[41.6582,41.6279],[41.6538,41.6276],[41.6544,41.6314],[41.6511,41.6356],[41.6538,41.6391],[41.6586,41.6396],[41.6599,41.634],[41.6658,41.6342],[41.665,41.6369],[41.6697,41.637],[41.6764,41.635],[41.6775,41.6298],[41.6819,41.6295],[41.6808,41.6345],[41.6827,41.6362],[41.6784,41.6391],[41.6772,41.6435],[41.6726,41.6453],[41.6768,41.649],[41.6851,41.6495],[41.6919,41.6548],[41.6942,41.6534],[41.6888,41.6581],[41.6992,41.6764],[41.7071,41.6756],[41.7112,41.68],[41.7176,41.6772],[41.724,41.6767],[41.7259,41.6786],[41.7277,41.6844],[41.7223,41.6865],[41.7217,41.6916],[41.7358,41.7033],[41.7383,41.7121],[41.7457,41.7159],[41.7341,41.7154],[41.734,41.7154]]]}},{"type":"Feature","properties":{"id":"GE4424","name":"ბოლნისის","name_en":"Bolnisi","kind":"municipality"},"geometry":{"type":"Polygon","coordinates":[[[44.7284,41.4912],[44.7088,41.484],[44.6947,41.4835],[44.6799,41.4894],[44.6722,41.4878],[44.6678,41.4917],[44.6371,41.4957],[44.6304,41.4911],[44.6213,41.4895],[44.6157,41.4913],[44.6108,41.4873],[44.6125,41.4851],[44.6036,41.4819],[44.5757,41.4918],[44.5692,41.5],[44.5656,41.4997],[44.5662,41.5013],[44.5531,41.4966],[44.5443,41.4973],[44.5186,41.5067],[44.4701,41.499],[44.4659,41.4942],[44.4686,41.4912],[44.4669,41.4878],[44.4588,41.4877],[44.4604,41.4845],[44.4552,41.4817],[44.4527,41.482],[44.4519,41.4854],[44.4363,41.4822],[44.4336,41.4851],[44.4298,41.4832],[44.4269,41.4847],[44.4197,41.4816],[44.4093,41.4817],[44.4023,41.4856],[44.3992,41.4831],[44.394,41.4851],[44.3913,41.4833],[44.3875,41.4853],[44.3791,41.4838],[44.3756,41.477],[44.3677,41.4742],[44.3681,41.4716],[44.3645,41.469],[44.3433,41.4603],[44.3354,41.4601],[44.3277,41.4643],[44.3189,41.4617],[44.308,41.4664],[44.3044,41.4638],[44.2997,41.4659],[44.294,41.4589],[44.2863,41.4565],[44.2845,41.4531],[44.2712,41.4447],[44.2656,41.436],[44.2548,41.4344],[44.2545,41.424],[44.2509,41.4241],[44.2461,41.4179],[44.2416,41.4248],[44.2336,41.4258],[44.2282,41.4188],[44.2342,41.4079],[44.2384,41.4036],[44.2447,41.4062],[44.2542,41.3935],[44.2611,41.3937],[44.2721,41.4013],[44.2778,41.3894],[44.2946,41.3887],[44.2993,41.3823],[44.3156,41.3794],[44.3224,41.3696],[44.3325,41.3716],[44.3411,41.368],[44.3691,41.374],[44.3793,41.3797],[44.3781,41.3813],[44.3576,41.3812],[44.3544,41.3846],[44.365,41.3888],[44.38,41.3882],[44.3816,41.3817],[44.3883,41.3825],[44.3921,41.377],[44.3878,41.3769],[44.3834,41.3726],[44.3821,41.3659],[44.3787,41.3647],[44.3837,41.3578],[44.3835,41.3479],[44.3974,41.3491],[44.4008,41.345],[44.4104,41.3435],[44.4081,41.3365],[44.4093,41.333],[44.4254,41.3324],[44.4343,41.3288],[44.4332,41.3195],[44.4161,41.3067],[44.4163,41.2993],[44.4135,41.2939],[44.3935,41.2827],[44.3879,41.2739],[44.4165,41.2523],[44.4079,41.2511],[44.4013,41.2466],[44.3955,41.2334],[44.3886,41.2273],[44.3895,41.2231],[44.3872,41.2215],[44.4065,41.2082],[44.4109,41.2012],[44.4458,41.191],[44.4561,41.1904],[44.4614,41.1829],[44.4682,41.1811],[44.5105,41.1959],[44.5144,41.2058],[44.5198,41.2117],[44.5291,41.2147],[44.5302,41.2232],[44.5359,41.2257],[44.531,41.2289],[44.5214,41.2463],[44.5216,41.255],[44.5255,41.262],[44.5319,41.2677],[44.5554,41.2653],[44.5727,41.2746],[44.5799,41.2852],[44.5766,41.2902],[44.5788,41.3],[44.5866,41.3013],[44.5914,41.3061],[44.5938,41.3161],[44.6021,41.325],[44.5999,41.3317],[44.6022,41.3323],[44.6085,41.315],[44.6118,41.3143],[44.6091,41.3107],[44.6148,41.3114],[44.6142,41.3157],[44.6116,41.3155],[44.6075,41.3215],[44.6091,41.3278],[44.6069,41.333],[44.6119,41.3317],[44.6141,41.3265],[44.6154,41.3316],[44.6132,41.3332],[44.6172,41.3368],[44.6132,41.3386],[44.6148,41.3423],[44.6186,41.3426],[44.6253,41.3375],[44.624,41.3324],[44.6267,41.3257],[44.6304,41.3247],[44.6393,41.3326],[44.6416,41.3466],[44.6494,41.3506],[44.6672,41.3461],[44.6698,41.3418],[44.6576,41.3281],[44.6553,41.3095],[44.6595,41.3058],[44.671,41.3021],[44.6762,41.3042],[44.6806,41.3151],[44.6907,41.3253],[44.6823,41.3375],[44.6924,41.3415],[44.7052,41.3513],[44.713,41.3508],[44.7162,41.3529],[44.7197,41.3626],[44.7378,41.3748],[44.7361,41.3753],[44.7379,41.3834],[44.7335,41.3835],[44.7361,41.3897],[44.7319,41.3905],[44.7409,41.394],[44.7418,41.398],[44.7381,41.4046],[44.7603,41.4182],[44.7738,41.4101],[44.7864,41.4083],[44.7874,41.4123],[44.7797,41.4174],[44.7811,41.419],[44.778,41.4237],[44.7726,41.4252],[44.764,41.4236],[44.7422,41.4318],[44.7357,41.4305],[44.7291,41.4358],[44.723,41.4364],[44.7222,41.4402],[44.7273,41.4438],[44.7361,41.4417],[44.742,41.4463],[44.752,41.4478],[44.7536,41.4522],[44.7421,41.4794],[44.7284,41.4887],[44.7285,41.4911],[44.7284,41.4912]]]}},{"type":"Feature","properties":{"id":"GE4131","name":"ბორჯომის","name_en":"Borjomi","kind":"municipality"},"geometry":{"type":"Polygon","coordinates":[[[43.4522,41.9412],[43.4436,41.9724],[43.437,41.9635],[43.4426,41.9576],[43.4407,41.9485],[43.4463,41.9465],[43.4474,41.9383],[43.4411,41.9298],[43.4054,41.9238],[43.3918,41.9168],[43.3725,41.9151],[43.3717,41.9096],[43.36,41.9005],[43.3463,41.8969],[43.3362,41.8981],[43.3051,41.8901],[43.2987,41.8907],[43.287,41.8789],[43.2743,41.8752],[43.2166,41.8661],[43.2032,41.8522],[43.1932,41.8472],[43.1495,41.8355],[43.1303,41.8318],[43.1273,41.8317],[43.1264,41.8347],[43.1201,41.8328],[43.1361,41.8278],[43.1384,41.8181],[43.1502,41.8134],[43.1628,41.7931],[43.1898,41.7833],[43.2017,41.7819],[43.2107,41.763],[43.2153,41.7593],[43.2085,41.7514],[43.2096,41.7472],[43.1933,41.7397],[43.2119,41.7358],[43.2299,41.7416],[43.2392,41.7367],[43.2407,41.7308],[43.2378,41.7279],[43.2404,41.7264],[43.2366,41.7243],[43.2442,41.7241],[43.2437,41.7211],[43.2506,41.7169],[43.2504,41.7114],[43.2582,41.7103],[43.2665,41.7047],[43.2677,41.6961],[43.2741,41.6884],[43.2969,41.6839],[43.302,41.6873],[43.3124,41.688],[43.3171,41.6925],[43.3411,41.6951],[43.3438,41.6972],[43.3413,41.7017],[43.3437,41.7044],[43.3579,41.7037],[43.3689,41.6966],[43.3747,41.6854],[43.3873,41.6773],[43.3929,41.6677],[43.3972,41.6678],[43.4066,41.6734],[43.4142,41.6663],[43.4273,41.6663],[43.4325,41.6515],[43.4443,41.6594],[43.4566,41.6532],[43.4823,41.6482],[43.4959,41.6385],[43.5122,41.6366],[43.5208,41.6173],[43.5227,41.6038],[43.5247,41.6039],[43.5289,41.5953],[43.5407,41.5989],[43.5615,41.6177],[43.5719,41.6159],[43.5732,41.6201],[43.5914,41.6225],[43.591,41.6333],[43.5866,41.6384],[43.6632,41.6573],[43.6666,41.6769],[43.6972,41.6836],[43.723,41.6822],[43.7225,41.6991],[43.7262,41.7076],[43.7357,41.7178],[43.7504,41.7177],[43.7685,41.713],[43.7876,41.7123],[43.8171,41.6989],[43.8303,41.6998],[43.835,41.6977],[43.8294,41.7064],[43.8323,41.7139],[43.836,41.7167],[43.8582,41.7252],[43.881,41.7281],[43.8766,41.7398],[43.8795,41.7484],[43.8971,41.7584],[43.892,41.7728],[43.8915,41.7822],[43.8817,41.7776],[43.8692,41.7791],[43.8389,41.7897],[43.8255,41.7911],[43.8003,41.8009],[43.7975,41.7962],[43.7908,41.7937],[43.778,41.7976],[43.7621,41.7943],[43.7371,41.7945],[43.723,41.8021],[43.712,41.8036],[43.6984,41.8095],[43.6966,41.811],[43.6975,41.8152],[43.6944,41.8164],[43.682,41.8143],[43.669,41.8172],[43.6601,41.828],[43.6606,41.8325],[43.6655,41.8377],[43.6609,41.8425],[43.653,41.8441],[43.6457,41.8399],[43.6374,41.8439],[43.6254,41.8437],[43.6154,41.8394],[43.6153,41.845],[43.6022,41.8572],[43.6075,41.8655],[43.6064,41.8751],[43.5785,41.8892],[43.5846,41.9037],[43.5751,41.9166],[43.565,41.9192],[43.53,41.9209],[43.5188,41.9276],[43.5059,41.943],[43.465,41.9468],[43.4522,41.9411],[43.4522,41.9412]]]}},{"type":"Feature","properties":{"id":"GE2640","name":"ჭიათურის","name_en":"Chiatura","kind":"municipality"},"geometry":{"type":"Polygon","coordinates":[[[43.245,42.435],[43.2346,42.4326],[43.2106,42.41],[43.2074,42.4023],[43.1841,42.4033],[43.1646,42.4006],[43.1362,42.3929],[43.1257,42.3869],[43.1237,42.3795],[43.1259,42.3672],[43.1303,42.367],[43.1287,42.3629],[43.1308,42.3482],[43.1247,42.3504],[43.1239,42.3451],[43.118,42.3381],[43.1185,42.3235],[43.1157,42.3195],[43.1175,42.3147],[43.113,42.3102],[43.1138,42.3046],[43.1272,42.3057],[43.1226,42.3023],[43.1209,42.2861],[43.1169,42.2781],[43.1132,42.2758],[43.1213,42.265],[43.1194,42.2608],[43.1327,42.2545],[43.1311,42.2504],[43.133,42.2497],[43.1301,42.2465],[43.1322,42.2459],[43.128,42.2431],[43.1303,42.2386],[43.1139,42.2365],[43.1098,42.2336],[43.1117,42.23],[43.133,42.2198],[43.1364,42.2242],[43.1422,42.2243],[43.1473,42.2279],[43.1501,42.2358],[43.1549,42.2324],[43.1569,42.2335],[43.1525,42.2367],[43.1634,42.2381],[43.1689,42.2333],[43.1751,42.2337],[43.1864,42.2275],[43.1894,42.228],[43.1883,42.2304],[43.1918,42.2294],[43.2011,42.221],[43.2179,42.2195],[43.2206,42.216],[43.2229,42.2024],[43.2176,42.1969],[43.2176,42.1933],[43.2125,42.1908],[43.2173,42.1876],[43.2165,42.1786],[43.213,42.1752],[43.221,42.1642],[43.2123,42.1623],[43.2089,42.1637],[43.2031,42.161],[43.2024,42.1591],[43.207,42.1547],[43.2107,42.1563],[43.2175,42.1513],[43.211,42.1475],[43.2074,42.1367],[43.2245,42.1402],[43.2285,42.1458],[43.2353,42.147],[43.2343,42.1482],[43.2408,42.1528],[43.2472,42.1553],[43.2548,42.1498],[43.2742,42.1471],[43.2739,42.1499],[43.2901,42.1547],[43.2979,42.1627],[43.3092,42.1658],[43.3084,42.155],[43.311,42.1514],[43.315,42.151],[43.3142,42.1527],[43.318,42.1546],[43.333,42.1546],[43.3366,42.1472],[43.3465,42.1416],[43.3424,42.1374],[43.3671,42.129],[43.3691,42.1314],[43.3781,42.1311],[43.3758,42.1253],[43.3827,42.1215],[43.3919,42.1266],[43.3954,42.1358],[43.415,42.1461],[43.4142,42.1511],[43.4163,42.1532],[43.4258,42.1529],[43.4316,42.1583],[43.4356,42.1586],[43.4405,42.1657],[43.4445,42.1669],[43.4448,42.1726],[43.4506,42.1796],[43.4506,42.1835],[43.4455,42.188],[43.4348,42.1884],[43.4266,42.1932],[43.4287,42.1888],[43.4233,42.1884],[43.4168,42.1992],[43.4006,42.215],[43.4067,42.2222],[43.3978,42.2289],[43.3886,42.2317],[43.3721,42.248],[43.3649,42.2466],[43.3635,42.2492],[43.3697,42.2623],[43.3832,42.2632],[43.3828,42.2675],[43.3886,42.2677],[43.3871,42.2705],[43.3939,42.2737],[43.3817,42.2844],[43.3793,42.2935],[43.3755,42.2939],[43.3715,42.2981],[43.3691,42.2964],[43.3673,42.2977],[43.37,42.2993],[43.3688,42.3005],[43.3621,42.3017],[43.3504,42.3106],[43.3526,42.313],[43.347,42.3222],[43.35,42.33],[43.3469,42.3358],[43.3487,42.3415],[43.3462,42.3439],[43.3492,42.347],[43.3499,42.3592],[43.3539,42.3635],[43.3434,42.3715],[43.3365,42.3723],[43.3383,42.378],[43.3368,42.3864],[43.3243,42.392],[43.3228,42.3942],[43.3251,42.3996],[43.3205,42.4023],[43.2873,42.4087],[43.2912,42.4197],[43.2868,42.4265],[43.2727,42.4335],[43.2653,42.4321],[43.2478,42.4347],[43.245,42.435]]]}},{"type":"Feature","properties":{"id":"GE3834","name":"ჩხოროწყუს","name_en":"Chkhorotsku","kind":"municipality"},"geometry":{"type":"Polygon","coordinates":[[[42.3557,42.8261],[42.3266,42.836],[42.3215,42.8345],[42.3133,42.8379],[42.286,42.8378],[42.2692,42.8329],[42.2611,42.8285],[42.26,42.8247],[42.2508,42.8222],[42.2415,42.8144],[42.2284,42.8169],[42.2166,42.8115],[42.233,42.7939],[42.2567,42.7847],[42.2543,42.7806],[42.2463,42.7776],[42.2469,42.7746],[42.2371,42.7568],[42.2364,42.751],[42.2257,42.742],[42.2291,42.7366],[42.2513,42.729],[42.2519,42.7257],[42.2348,42.721],[42.2147,42.7011],[42.2154,42.6967],[42.2083,42.6896],[42.1871,42.6859],[42.1805,42.6892],[42.156,42.6796],[42.1743,42.6691],[42.1771,42.6635],[42.175,42.6617],[42.1765,42.6579],[42.1715,42.6483],[42.1659,42.6435],[42.1611,42.643],[42.1621,42.6396],[42.153,42.6391],[42.1546,42.6292],[42.1452,42.622],[42.1438,42.6137],[42.1395,42.6145],[42.1377,42.6114],[42.14,42.6083],[42.135,42.6056],[42.1405,42.6031],[42.1353,42.6022],[42.1353,42.599],[42.1315,42.599],[42.1323,42.597],[42.1277,42.5932],[42.132,42.5909],[42.1185,42.5773],[42.121,42.5754],[42.1156,42.5664],[42.1179,42.5656],[42.1168,42.5616],[42.1217,42.5572],[42.1197,42.5533],[42.1138,42.5543],[42.1209,42.5509],[42.118,42.5452],[42.1191,42.5428],[42.1163,42.5415],[42.1174,42.5374],[42.1081,42.5435],[42.0958,42.545],[42.0863,42.538],[42.0827,42.5397],[42.0814,42.5339],[42.0763,42.5379],[42.0713,42.5377],[42.0718,42.533],[42.0695,42.5313],[42.059,42.5271],[42.051,42.5192],[42.0449,42.5173],[42.044,42.5138],[42.0468,42.5117],[42.0431,42.5071],[42.0348,42.5107],[42.0281,42.502],[42.0355,42.4995],[42.0304,42.4952],[42.0364,42.4887],[42.0293,42.485],[42.0287,42.481],[42.0239,42.48],[42.0262,42.4822],[42.0216,42.4832],[42.0139,42.4747],[42.0111,42.4599],[42.0182,42.4531],[42.0146,42.4494],[42.022,42.4512],[42.0377,42.4488],[42.0433,42.4516],[42.0626,42.4458],[42.0652,42.4408],[42.0637,42.4374],[42.0581,42.4313],[42.055,42.4317],[42.0484,42.4275],[42.0459,42.422],[42.0492,42.4196],[42.0618,42.4183],[42.0667,42.4219],[42.073,42.4226],[42.0752,42.4206],[42.0727,42.4177],[42.0776,42.4176],[42.0836,42.4209],[42.0952,42.4149],[42.0934,42.4124],[42.0991,42.4124],[42.1144,42.4028],[42.1199,42.4013],[42.1245,42.4031],[42.1227,42.4058],[42.1256,42.4066],[42.131,42.4211],[42.1352,42.4224],[42.1329,42.4244],[42.1347,42.4254],[42.1335,42.4274],[42.1383,42.4325],[42.139,42.4419],[42.1349,42.4437],[42.133,42.4517],[42.1419,42.4505],[42.1448,42.4522],[42.1526,42.449],[42.1554,42.4546],[42.1591,42.4533],[42.1577,42.4522],[42.1607,42.4494],[42.1716,42.4553],[42.1784,42.4555],[42.1851,42.4609],[42.1869,42.466],[42.19,42.4678],[42.1883,42.4691],[42.1983,42.4742],[42.2106,42.4893],[42.2252,42.4986],[42.2347,42.5014],[42.2394,42.5065],[42.2384,42.5094],[42.2305,42.5073],[42.2276,42.5104],[42.2192,42.5114],[42.2168,42.514],[42.2239,42.5167],[42.2268,42.5263],[42.2319,42.5332],[42.2518,42.5443],[42.2542,42.5471],[42.2526,42.5512],[42.2614,42.5547],[42.258,42.5627],[42.261,42.5632],[42.2583,42.5651],[42.2583,42.57],[42.2499,42.5715],[42.246,42.576],[42.2553,42.5814],[42.2532,42.5906],[42.2619,42.5943],[42.2711,42.5923],[42.2798,42.6083],[42.2906,42.6083],[42.3092,42.6184],[42.3165,42.6253],[42.3479,42.6362],[42.3576,42.6507],[42.3631,42.6519],[42.3623,42.6575],[42.345,42.6672],[42.3451,42.6726],[42.3592,42.6803],[42.394,42.7066],[42.397,42.7137],[42.3944,42.717],[42.3881,42.7186],[42.3876,42.7217],[42.3919,42.7269],[42.424,42.7483],[42.425,42.7545],[42.4123,42.7627],[42.3985,42.7666],[42.398,42.7694],[42.4043,42.7797],[42.3875,42.7916],[42.3853,42.7955],[42.3856,42.808],[42.3761,42.8174],[42.374,42.8238],[42.3685,42.8228],[42.356,42.826],[42.3557,42.8261]]]}},{"type":"Feature","properties":{"id":"GE2327","name":"ჩოხატაურის","name_en":"Chokhatauri","kind":"municipality"},"geometry":{"type":"Polygon","coordinates":[[[42.2193,42.0578],[42.2122,42.0618],[42.2138,42.0638],[42.2066,42.0633],[42.2011,42.0677],[42.2016,42.0694],[42.2076,42.0688],[42.209,42.0721],[42.2073,42.0732],[42.2,42.0725],[42.191,42.075],[42.1858,42.0702],[42.1741,42.0771],[42.1703,42.0704],[42.1664,42.0682],[42.153,42.0673],[42.1456,42.0644],[42.14,42.0676],[42.1372,42.059],[42.13,42.0547],[42.1302,42.0508],[42.1334,42.0478],[42.129,42.0448],[42.125,42.0373],[42.1258,42.0271],[42.1229,42.0252],[42.1247,42.0216],[42.1215,42.019],[42.1321,42.0157],[42.1295,42.0126],[42.1366,42.007],[42.1363,42.0033],[42.1389,42.0014],[42.1375,41.9995],[42.1441,41.9948],[42.1349,41.9941],[42.1616,41.9878],[42.1723,41.9823],[42.1713,41.9752],[42.1636,41.9711],[42.16,41.9656],[42.1683,41.9543],[42.1769,41.9508],[42.1831,41.9519],[42.1841,41.9562],[42.1882,41.9573],[42.1896,41.9538],[42.1855,41.9481],[42.1885,41.9467],[42.1961,41.949],[42.1967,41.9425],[42.1992,41.9451],[42.201,41.9442],[42.1987,41.9411],[42.2112,41.9378],[42.2087,41.9317],[42.2107,41.9276],[42.2258,41.9203],[42.2238,41.9178],[42.2285,41.9091],[42.2429,41.897],[42.2514,41.8837],[42.2759,41.8716],[42.2782,41.866],[42.2883,41.866],[42.2943,41.863],[42.2918,41.8567],[42.2868,41.8527],[42.287,41.8496],[42.2897,41.8402],[42.2983,41.8325],[42.2994,41.8272],[42.2942,41.8076],[42.3041,41.8026],[42.3139,41.8031],[42.3204,41.8122],[42.332,41.8193],[42.3437,41.818],[42.3558,41.8238],[42.3725,41.8242],[42.3842,41.8411],[42.3884,41.8405],[42.3937,41.8434],[42.4085,41.8336],[42.4294,41.8334],[42.4363,41.8289],[42.4392,41.824],[42.4374,41.8176],[42.4411,41.8115],[42.4528,41.8066],[42.4999,41.8025],[42.5404,41.8047],[42.5445,41.8067],[42.5489,41.8062],[42.5541,41.7999],[42.5634,41.7967],[42.5781,41.7969],[42.5812,41.7945],[42.5847,41.7972],[42.5955,41.7985],[42.6078,41.8071],[42.6086,41.8226],[42.6169,41.8282],[42.6204,41.8364],[42.6644,41.8309],[42.6653,41.8327],[42.6624,41.8377],[42.6638,41.8474],[42.66,41.8589],[42.6691,41.8711],[42.6626,41.8804],[42.6605,41.8883],[42.6696,41.8944],[42.6697,41.8975],[42.6634,41.9161],[42.6606,41.9177],[42.659,41.9297],[42.6365,41.9466],[42.5941,41.9484],[42.5767,41.9463],[42.5426,41.9643],[42.5008,41.9931],[42.4901,41.9944],[42.4848,41.9996],[42.4768,41.9947],[42.4649,42.0028],[42.4625,41.9952],[42.4574,41.9941],[42.4565,41.9991],[42.4493,42.0031],[42.4469,41.9998],[42.4319,42.0052],[42.4298,42.0085],[42.4221,42.01],[42.4203,42.0154],[42.4113,42.0153],[42.4085,42.0291],[42.4109,42.0343],[42.4053,42.0435],[42.3989,42.046],[42.3969,42.0527],[42.3861,42.0583],[42.3784,42.0586],[42.3734,42.0536],[42.3644,42.0604],[42.3408,42.0612],[42.3408,42.0584],[42.3342,42.0547],[42.3338,42.0502],[42.3373,42.0508],[42.3371,42.0469],[42.3278,42.0428],[42.3275,42.04],[42.3239,42.0426],[42.3193,42.0402],[42.3162,42.0447],[42.3143,42.0423],[42.3056,42.042],[42.3059,42.0399],[42.2996,42.0377],[42.2935,42.0504],[42.2855,42.0565],[42.2799,42.0559],[42.2775,42.0587],[42.266,42.0506],[42.2618,42.0499],[42.2498,42.0554],[42.2466,42.0504],[42.241,42.0492],[42.2263,42.0496],[42.2245,42.055],[42.2199,42.0572],[42.2193,42.0578]]]}},{"type":"Feature","properties":{"id":"GE2928","name":"დედოფლისწყაროს","name_en":"Dedoplistskaro","kind":"municipality"},"geometry":{"type":"Polygon","coordinates":[[[46.3988,41.4703],[46.4004,41.4661],[46.3923,41.4668],[46.3703,41.4759],[46.3622,41.4659],[46.3582,41.4587],[46.3595,41.4544],[46.354,41.4474],[46.3553,41.4431],[46.3605,41.4404],[46.3569,41.4364],[46.3541,41.4372],[46.3368,41.4284],[46.344,41.4221],[46.3122,41.404],[46.3061,41.408],[46.3137,41.4176],[46.3003,41.4247],[46.2803,41.4243],[46.2725,41.4269],[46.262,41.4445],[46.2573,41.4473],[46.2615,41.4531],[46.2763,41.4583],[46.2671,41.4681],[46.2692,41.4834],[46.254,41.4841],[46.2524,41.4817],[46.229,41.4915],[46.2239,41.486],[46.2008,41.4977],[46.1912,41.495],[46.1888,41.492],[46.1703,41.4984],[46.1597,41.4863],[46.1585,41.4764],[46.1536,41.4697],[46.1416,41.4814],[46.1374,41.4894],[46.1317,41.4932],[46.1126,41.4963],[46.0905,41.5044],[46.0797,41.4993],[46.0632,41.5075],[46.0506,41.52],[46.0262,41.5354],[46.0083,41.563],[46.0012,41.564],[45.9944,41.5585],[45.9978,41.5564],[45.9939,41.5569],[45.9869,41.5703],[45.9711,41.5707],[45.9706,41.5739],[45.9588,41.5785],[45.9465,41.5751],[45.9393,41.5704],[45.9259,41.5668],[45.9278,41.5636],[45.922,41.5625],[45.9246,41.5556],[45.9202,41.5541],[45.9067,41.5335],[45.8986,41.5312],[45.894,41.5255],[45.8958,41.5235],[45.8947,41.5204],[45.8908,41.5188],[45.8566,41.4818],[45.8502,41.4646],[45.8342,41.4417],[45.8381,41.4106],[45.8105,41.3628],[45.8096,41.3541],[45.8178,41.3516],[45.8131,41.3481],[45.8172,41.347],[45.8195,41.3433],[45.8216,41.3442],[45.8206,41.3464],[45.828,41.3481],[45.8246,41.3433],[45.8299,41.346],[45.8321,41.346],[45.8328,41.3434],[45.8375,41.3451],[45.8361,41.3405],[45.8401,41.3363],[45.8458,41.336],[45.847,41.339],[45.8534,41.3324],[45.8616,41.331],[45.8533,41.3268],[45.86,41.3275],[45.8607,41.3222],[45.8563,41.3231],[45.8579,41.3202],[45.8432,41.314],[45.8454,41.305],[45.8256,41.3103],[45.819,41.2959],[45.8182,41.2882],[45.803,41.289],[45.7977,41.2819],[45.7682,41.2662],[45.7541,41.254],[45.7738,41.241],[45.8122,41.2225],[45.8659,41.2124],[45.8791,41.2134],[45.8895,41.2088],[45.9058,41.1921],[45.9174,41.1845],[45.9674,41.173],[45.9718,41.1735],[45.9706,41.1779],[45.9809,41.176],[45.9832,41.1785],[45.9973,41.1782],[46.01,41.1825],[46.0364,41.1867],[46.0803,41.1786],[46.0742,41.176],[46.093,41.1733],[46.1169,41.1833],[46.1197,41.1982],[46.1281,41.1975],[46.1362,41.2053],[46.1377,41.2009],[46.142,41.2008],[46.1471,41.2064],[46.1497,41.2059],[46.1512,41.1992],[46.1549,41.2046],[46.1589,41.2056],[46.1611,41.2042],[46.1601,41.2017],[46.164,41.1999],[46.1676,41.2017],[46.1713,41.1987],[46.1736,41.2027],[46.1803,41.1947],[46.1874,41.1997],[46.1902,41.1958],[46.1959,41.1938],[46.1986,41.1959],[46.206,41.1951],[46.2106,41.1916],[46.2155,41.192],[46.2167,41.1949],[46.2241,41.19],[46.2307,41.1966],[46.2297,41.1895],[46.2523,41.1833],[46.2746,41.1908],[46.28,41.1903],[46.2947,41.1724],[46.3699,41.1194],[46.3709,41.105],[46.3945,41.1006],[46.429,41.1053],[46.4451,41.0996],[46.4587,41.0985],[46.4638,41.093],[46.4621,41.0885],[46.4709,41.0652],[46.4898,41.0585],[46.4936,41.0546],[46.5011,41.0577],[46.5317,41.0905],[46.5332,41.0922],[46.5301,41.094],[46.5493,41.1159],[46.581,41.113],[46.6164,41.0975],[46.623,41.1045],[46.6422,41.1072],[46.6427,41.1102],[46.65,41.1109],[46.6466,41.1208],[46.6539,41.124],[46.6541,41.1283],[46.6606,41.1312],[46.6542,41.136],[46.6576,41.1451],[46.6566,41.1527],[46.6528,41.1555],[46.6559,41.164],[46.654,41.1672],[46.6666,41.1712],[46.6624,41.1765],[46.6628,41.1803],[46.6699,41.1884],[46.6671,41.1917],[46.6593,41.1916],[46.6604,41.1983],[46.6574,41.2031],[46.6622,41.2072],[46.6654,41.2143],[46.674,41.2156],[46.6677,41.2203],[46.6772,41.2242],[46.6796,41.2271],[46.6791,41.2333],[46.6898,41.2317],[46.6976,41.2366],[46.6971,41.2402],[46.7011,41.2419],[46.701,41.2518],[46.7091,41.2558],[46.6997,41.2589],[46.6989,41.262],[46.71,41.2674],[46.7151,41.2676],[46.7152,41.2705],[46.7118,41.2716],[46.7145,41.2782],[46.7267,41.2875],[46.7069,41.2956],[46.6989,41.2957],[46.7024,41.3054],[46.6871,41.3204],[46.6891,41.3221],[46.6995,41.3215],[46.7029,41.3251],[46.7013,41.3294],[46.6865,41.3271],[46.683,41.3309],[46.6898,41.3353],[46.6874,41.3391],[46.6824,41.3409],[46.6686,41.3372],[46.6657,41.3398],[46.6706,41.346],[46.6683,41.3498],[46.6503,41.3492],[46.6496,41.352],[46.6561,41.351],[46.659,41.3531],[46.6549,41.3611],[46.648,41.3596],[46.6484,41.3518],[46.6349,41.3583],[46.6244,41.3594],[46.6263,41.3648],[46.638,41.3659],[46.6371,41.369],[46.6407,41.3723],[46.6412,41.3789],[46.6279,41.3858],[46.6216,41.3782],[46.6118,41.3809],[46.6108,41.3855],[46.6181,41.3908],[46.6158,41.396],[46.6051,41.3986],[46.599,41.3925],[46.5942,41.3974],[46.5694,41.3994],[46.5694,41.404],[46.5667,41.4066],[46.5481,41.4061],[46.5349,41.4103],[46.5251,41.41],[46.522,41.4114],[46.5199,41.4174],[46.5151,41.4135],[46.5083,41.4128],[46.5059,41.4194],[46.4963,41.42],[46.4846,41.4245],[46.4856,41.429],[46.4722,41.4293],[46.4781,41.4332],[46.4768,41.4358],[46.4677,41.4326],[46.4642,41.4364],[46.4557,41.4384],[46.4513,41.4457],[46.4402,41.4488],[46.4491,41.4545],[46.4434,41.462],[46.4398,41.4605],[46.4464,41.457],[46.4404,41.4534],[46.4252,41.4561],[46.4253,41.4637],[46.4307,41.4676],[46.4316,41.4711],[46.4295,41.4677],[46.4255,41.4677],[46.4241,41.4733],[46.4159,41.4756],[46.4093,41.4815],[46.4078,41.4754],[46.4012,41.4707],[46.3988,41.4703]]]}},{"type":"Feature","properties":{"id":"GE4428","name":"დმანისის","name_en":"Dmanisi","kind":"municipality"},"geometry":{"type":"Polygon","coordinates":[[[44.2566,41.5316],[44.2458,41.5394],[44.2484,41.5432],[44.2457,41.5475],[44.2335,41.5566],[44.2278,41.558],[44.2215,41.5567],[44.2161,41.5519],[44.2105,41.5545],[44.2007,41.5508],[44.1972,41.5526],[44.1955,41.5506],[44.188,41.5507],[44.1846,41.5545],[44.1809,41.5544],[44.1642,41.5476],[44.1598,41.5432],[44.1546,41.5444],[44.1535,41.5323],[44.1406,41.5192],[44.1249,41.5242],[44.1133,41.5233],[44.0982,41.512],[44.0894,41.5109],[44.0861,41.5064],[44.0804,41.5065],[44.0778,41.496],[44.0708,41.4979],[44.0709,41.5017],[44.0674,41.5053],[44.0489,41.5036],[44.0348,41.4982],[44.028,41.4987],[44.0068,41.509],[43.9903,41.5137],[43.96,41.503],[43.9541,41.493],[43.9479,41.4887],[43.9279,41.4848],[43.921,41.4862],[43.9194,41.4837],[43.9076,41.4815],[43.8997,41.4734],[43.8912,41.471],[43.9054,41.4622],[43.9119,41.4452],[43.9081,41.4332],[43.8918,41.4151],[43.9099,41.4036],[43.9183,41.402],[43.9229,41.3986],[43.933,41.3677],[43.9396,41.3613],[43.9528,41.34],[43.9565,41.3256],[43.9415,41.3155],[43.9317,41.3016],[43.9313,41.2859],[43.9259,41.2784],[43.9276,41.2652],[43.9253,41.262],[43.917,41.2597],[43.9209,41.2565],[43.9366,41.2594],[43.9305,41.25],[43.9424,41.2429],[43.9429,41.2387],[43.9516,41.2309],[43.951,41.2216],[43.9612,41.2068],[43.9603,41.1977],[43.9665,41.1871],[43.954,41.1762],[43.9607,41.1762],[43.958,41.1691],[43.9625,41.1659],[43.9784,41.1712],[43.9909,41.1792],[44.0102,41.1854],[44.0258,41.1888],[44.0547,41.1906],[44.0752,41.1956],[44.0881,41.2018],[44.1121,41.1936],[44.1383,41.1891],[44.1519,41.1886],[44.1641,41.1915],[44.1655,41.1942],[44.1784,41.1892],[44.174,41.2007],[44.1784,41.2118],[44.1871,41.2115],[44.1877,41.214],[44.1829,41.2156],[44.1763,41.2249],[44.1856,41.2353],[44.1842,41.241],[44.1875,41.2432],[44.2008,41.2361],[44.215,41.2322],[44.2243,41.2345],[44.2443,41.2329],[44.2585,41.2191],[44.2721,41.2132],[44.28,41.2156],[44.2824,41.2122],[44.3115,41.2158],[44.3246,41.2048],[44.3355,41.2043],[44.3412,41.2004],[44.3469,41.2048],[44.3439,41.2098],[44.3478,41.2146],[44.3403,41.2244],[44.3422,41.2261],[44.3547,41.2308],[44.3817,41.2214],[44.3889,41.2222],[44.3886,41.2273],[44.3955,41.2334],[44.4013,41.2466],[44.4079,41.2511],[44.4165,41.2523],[44.3879,41.2739],[44.3935,41.2827],[44.4135,41.2939],[44.4163,41.2993],[44.4161,41.3067],[44.4332,41.3195],[44.435,41.3271],[44.4254,41.3324],[44.4093,41.333],[44.4081,41.3365],[44.4104,41.3435],[44.4008,41.345],[44.3974,41.3491],[44.383,41.3484],[44.3837,41.3578],[44.3787,41.3646],[44.3821,41.3659],[44.3834,41.3726],[44.3878,41.3769],[44.3919,41.3762],[44.3883,41.3825],[44.3816,41.3817],[44.38,41.3882],[44.365,41.3888],[44.3544,41.3846],[44.3558,41.3828],[44.3779,41.3814],[44.3793,41.3797],[44.3752,41.3766],[44.3411,41.368],[44.3325,41.3716],[44.3224,41.3696],[44.3156,41.3794],[44.2993,41.3823],[44.2946,41.3887],[44.2778,41.3894],[44.2721,41.4013],[44.2611,41.3937],[44.2556,41.3926],[44.2447,41.4062],[44.2384,41.4036],[44.2338,41.4087],[44.2282,41.4188],[44.2336,41.4258],[44.2416,41.4248],[44.2461,41.4179],[44.2509,41.4241],[44.2545,41.424],[44.2548,41.4344],[44.2656,41.436],[44.2712,41.4447],[44.282,41.4526],[44.268,41.4524],[44.2607,41.4571],[44.2541,41.4532],[44.2515,41.4565],[44.2463,41.455],[44.2385,41.4585],[44.237,41.474],[44.2409,41.4782],[44.2376,41.4816],[44.2458,41.4933],[44.2436,41.4986],[44.2505,41.5026],[44.2496,41.5055],[44.2551,41.5068],[44.2545,41.5101],[44.258,41.5141],[44.2622,41.5147],[44.2643,41.5192],[44.2568,41.5316],[44.2566,41.5316]]]}},{"type":"Feature","properties":{"id":"GE3225","name":"დუშეთის მუნიციპალიტეტი","name_en":"Dusheti","kind":"municipality"},"geometry":{"type":"Polygon","coordinates":[[[44.9443,42.751],[44.9274,42.7506],[44.921,42.748],[44.9107,42.7509],[44.8876,42.7467],[44.8809,42.7346],[44.8717,42.7281],[44.8702,42.7245],[44.8717,42.7117],[44.8653,42.7046],[44.8696,42.698],[44.8686,42.6912],[44.8623,42.6864],[44.8579,42.6775],[44.8503,42.6733],[44.8372,42.6747],[44.838,42.6674],[44.8312,42.6465],[44.8237,42.6415],[44.8245,42.6326],[44.8297,42.6176],[44.8357,42.6185],[44.8458,42.6105],[44.8582,42.5917],[44.8503,42.5899],[44.8321,42.5754],[44.832,42.5723],[44.8208,42.5565],[44.8119,42.5512],[44.7953,42.547],[44.7935,42.5397],[44.7608,42.5249],[44.7396,42.5252],[44.7367,42.5234],[44.7235,42.5279],[44.7131,42.5142],[44.7057,42.509],[44.7057,42.5063],[44.7001,42.5101],[44.6995,42.514],[44.6868,42.5133],[44.67,42.5238],[44.6679,42.5195],[44.6546,42.5126],[44.6416,42.4913],[44.6237,42.4981],[44.6069,42.4971],[44.5926,42.5106],[44.5842,42.5109],[44.5743,42.5059],[44.567,42.5078],[44.5652,42.518],[44.5506,42.524],[44.526,42.5216],[44.5127,42.5126],[44.5041,42.5151],[44.4945,42.5103],[44.487,42.5131],[44.4815,42.5028],[44.4831,42.4957],[44.48,42.4901],[44.4818,42.4865],[44.4884,42.4831],[44.4861,42.4818],[44.4901,42.478],[44.4871,42.4737],[44.4922,42.4702],[44.4865,42.4687],[44.484,42.4625],[44.4859,42.4633],[44.493,42.4532],[44.4884,42.4494],[44.4872,42.4432],[44.4637,42.4368],[44.4648,42.4321],[44.4804,42.4202],[44.4854,42.4131],[44.5063,42.41],[44.5151,42.4021],[44.5241,42.3999],[44.5598,42.3827],[44.5731,42.383],[44.6024,42.376],[44.6062,42.3737],[44.6093,42.3632],[44.5898,42.3395],[44.5814,42.3356],[44.578,42.3281],[44.5955,42.3114],[44.5983,42.297],[44.6085,42.2922],[44.6095,42.2853],[44.6179,42.2744],[44.6152,42.2648],[44.6186,42.2436],[44.612,42.2289],[44.6153,42.218],[44.6132,42.2126],[44.6214,42.197],[44.6119,42.1907],[44.5878,42.1869],[44.5845,42.1843],[44.5813,42.1748],[44.5724,42.1657],[44.5733,42.1609],[44.5789,42.1596],[44.5791,42.1533],[44.5718,42.1474],[44.5565,42.1456],[44.5647,42.1289],[44.5617,42.1269],[44.5631,42.1212],[44.5459,42.1177],[44.5484,42.1119],[44.5551,42.1095],[44.5418,42.1082],[44.5408,42.1018],[44.5306,42.1011],[44.5239,42.0938],[44.5151,42.0952],[44.4894,42.0894],[44.488,42.0723],[44.4853,42.0697],[44.4861,42.0636],[44.4819,42.0634],[44.4814,42.0596],[44.4864,42.0467],[44.5062,42.0199],[44.5063,42.0128],[44.509,42.0092],[44.5063,41.9987],[44.5127,41.9978],[44.5268,42.001],[44.5428,41.9966],[44.5666,41.9977],[44.5787,41.9903],[44.5802,41.9868],[44.5981,41.9852],[44.6094,41.9804],[44.6204,41.9841],[44.6187,41.9814],[44.629,41.9811],[44.6354,41.9782],[44.6458,41.9823],[44.6557,41.9791],[44.6713,41.9806],[44.6741,41.9862],[44.6865,41.985],[44.6968,41.9914],[44.7404,41.9905],[44.751,41.9854],[44.7526,41.9688],[44.759,41.9519],[44.7494,41.9278],[44.7573,41.9249],[44.7791,41.9297],[44.7764,41.9316],[44.7767,41.9388],[44.7663,41.9434],[44.764,41.9493],[44.7788,41.9493],[44.7789,41.9555],[44.8003,41.9477],[44.8035,41.9487],[44.807,41.9455],[44.8129,41.9483],[44.8227,41.9481],[44.831,41.953],[44.8488,41.9575],[44.8542,41.9571],[44.8604,41.9656],[44.8583,41.9794],[44.8637,42.0094],[44.8607,42.0203],[44.8626,42.0231],[44.8987,42.027],[44.9042,42.0306],[44.9056,42.0368],[44.8966,42.0492],[44.8966,42.0609],[44.8929,42.0694],[44.8931,42.0816],[44.8965,42.0928],[44.8863,42.0967],[44.8845,42.1047],[44.8693,42.1063],[44.8648,42.1205],[44.8544,42.1327],[44.8585,42.1473],[44.8567,42.1546],[44.8654,42.1585],[44.8752,42.1736],[44.8811,42.1777],[44.8847,42.1769],[44.8877,42.1812],[44.8845,42.1855],[44.8801,42.185],[44.8743,42.1909],[44.8685,42.1908],[44.8657,42.1945],[44.8639,42.2007],[44.8664,42.2165],[44.8766,42.2246],[44.8868,42.2269],[44.9008,42.2357],[44.9112,42.2475],[44.9161,42.2581],[44.9312,42.2746],[44.9361,42.2822],[44.9366,42.2905],[44.9414,42.2923],[44.9469,42.2871],[44.9601,42.2844],[44.9712,42.2885],[44.9859,42.3135],[45.0032,42.3283],[45.0051,42.3394],[45.0125,42.3414],[45.0273,42.3544],[45.0338,42.3654],[45.0559,42.3598],[45.0652,42.3551],[45.0754,42.3558],[45.0782,42.3537],[45.0717,42.3413],[45.0727,42.3387],[45.0773,42.3373],[45.0912,42.3421],[45.0986,42.3503],[45.106,42.3531],[45.1881,42.3696],[45.193,42.375],[45.223,42.3859],[45.2256,42.3879],[45.2279,42.403],[45.2215,42.412],[45.2197,42.4188],[45.2215,42.4268],[45.2318,42.4332],[45.2467,42.4497],[45.2671,42.4558],[45.2736,42.4668],[45.2746,42.4744],[45.2672,42.4819],[45.271,42.4963],[45.2701,42.5211],[45.2711,42.5259],[45.2795,42.5334],[45.2777,42.5437],[45.2935,42.5505],[45.3075,42.5649],[45.3096,42.5698],[45.2998,42.5725],[45.2935,42.5844],[45.2824,42.5901],[45.2856,42.5943],[45.283,42.6012],[45.2853,42.6066],[45.2694,42.6079],[45.2575,42.6062],[45.2525,42.6208],[45.2434,42.6311],[45.2395,42.6396],[45.2214,42.6543],[45.2187,42.6604],[45.1976,42.6677],[45.1741,42.6849],[45.1647,42.6933],[45.1644,42.6986],[45.1593,42.7081],[45.1331,42.7095],[45.1057,42.7046],[45.0962,42.7065],[45.088,42.7119],[45.0716,42.7047],[45.0713,42.7001],[45.0652,42.6959],[45.0569,42.6951],[45.054,42.6926],[45.0373,42.6927],[45.0332,42.6962],[45.0343,42.7005],[45.0311,42.7045],[45.0183,42.7122],[45.0124,42.7128],[44.9976,42.7231],[44.9945,42.7303],[44.9839,42.7365],[44.981,42.7447],[44.9692,42.7489],[44.9459,42.7509],[44.9443,42.751]]]}},{"type":"Feature","properties":{"id":"GE4426","name":"გარდაბნის","name_en":"Gardabani","kind":"municipality"},"geometry":{"type":"Polygon","coordinates":[[[44.9558,41.8621],[44.9201,41.8444],[44.9177,41.8383],[44.9109,41.8353],[44.9032,41.8353],[44.8954,41.8406],[44.8865,41.8423],[44.8796,41.8417],[44.8758,41.8389],[44.873,41.8335],[44.8913,41.8284],[44.9043,41.8184],[44.9053,41.8139],[44.901,41.8039],[44.8807,41.7979],[44.8839,41.7948],[44.8805,41.7941],[44.88,41.7822],[44.886,41.7722],[44.8774,41.763],[44.893,41.7579],[44.9019,41.76],[44.9106,41.7574],[44.915,41.7601],[44.9176,41.7657],[44.9247,41.7636],[44.9297,41.7668],[44.9348,41.7648],[44.938,41.7665],[44.9429,41.761],[44.9691,41.7563],[44.9945,41.7464],[44.9923,41.7408],[44.9856,41.7389],[44.9914,41.7295],[44.9957,41.7294],[45.0062,41.7375],[45.0161,41.7242],[45.0122,41.7162],[45.0125,41.7115],[45.0156,41.7094],[45.014,41.7054],[45.0173,41.703],[45.017,41.6971],[45.0104,41.686],[45.0005,41.682],[45.0001,41.6749],[44.995,41.6713],[44.9954,41.6638],[44.9875,41.659],[44.9789,41.6602],[44.9756,41.6553],[44.96,41.6504],[44.958,41.6485],[44.9612,41.6462],[44.9616,41.6417],[44.9584,41.6391],[44.9511,41.6394],[44.9435,41.6351],[44.9391,41.6396],[44.9285,41.6379],[44.9213,41.6301],[44.9283,41.6193],[44.9267,41.618],[44.9103,41.6228],[44.9005,41.6226],[44.9063,41.6356],[44.9023,41.6398],[44.8868,41.6389],[44.8858,41.6419],[44.8902,41.6432],[44.8858,41.6455],[44.8734,41.6503],[44.8691,41.6483],[44.8634,41.6542],[44.843,41.6575],[44.8148,41.657],[44.8013,41.6504],[44.7945,41.6499],[44.8021,41.6393],[44.809,41.6346],[44.8016,41.6312],[44.7999,41.6261],[44.797,41.6249],[44.7893,41.6348],[44.7855,41.6316],[44.7809,41.6351],[44.78,41.6319],[44.7762,41.631],[44.7574,41.635],[44.7571,41.6287],[44.7387,41.6399],[44.7307,41.6368],[44.7486,41.6278],[44.7485,41.6251],[44.7549,41.6202],[44.7546,41.6159],[44.7571,41.6132],[44.7642,41.607],[44.7724,41.6045],[44.7778,41.5977],[44.7771,41.5955],[44.7815,41.5942],[44.7973,41.5807],[44.8381,41.5662],[44.832,41.5601],[44.8328,41.5451],[44.828,41.5414],[44.8326,41.5404],[44.8501,41.5396],[44.8777,41.5559],[44.8956,41.5566],[44.898,41.5715],[44.8896,41.5837],[44.8937,41.5853],[44.9005,41.5869],[44.9144,41.584],[44.9207,41.5858],[44.9269,41.5746],[44.932,41.5757],[44.9334,41.5768],[44.9301,41.5827],[44.9304,41.5876],[44.9448,41.5943],[44.9413,41.6019],[44.949,41.6007],[44.954,41.5964],[44.9681,41.592],[44.9781,41.5844],[44.9814,41.5854],[44.9952,41.5808],[45.0151,41.5815],[45.0383,41.5746],[45.0419,41.5671],[45.0465,41.5662],[45.0454,41.5594],[45.0428,41.5583],[45.0677,41.5336],[45.0725,41.5362],[45.0785,41.5301],[45.0754,41.5245],[45.086,41.5147],[45.079,41.51],[45.0693,41.5157],[45.0606,41.5169],[45.05,41.5095],[45.0397,41.5095],[45.0427,41.507],[45.0334,41.4986],[45.0353,41.4927],[45.0313,41.4925],[45.0267,41.496],[45.0267,41.4848],[45.0177,41.469],[45.0193,41.4614],[45.0138,41.4544],[45.0182,41.4463],[45.0263,41.4395],[45.0415,41.4332],[45.0551,41.4243],[45.0518,41.4139],[45.0569,41.4071],[45.0591,41.3952],[45.0539,41.3811],[45.0586,41.3746],[45.0655,41.3733],[45.0779,41.3663],[45.0785,41.3597],[45.0926,41.3512],[45.0926,41.3451],[45.0955,41.3423],[45.1721,41.4119],[45.1722,41.4192],[45.1754,41.4231],[45.1785,41.4239],[45.1962,41.4163],[45.2205,41.4277],[45.2498,41.4469],[45.2586,41.4693],[45.2676,41.4676],[45.2449,41.4698],[45.2229,41.4752],[45.2053,41.4862],[45.1949,41.4887],[45.1927,41.4952],[45.1959,41.5075],[45.1948,41.5178],[45.2134,41.5201],[45.2158,41.5261],[45.2119,41.5298],[45.213,41.5315],[45.2252,41.5378],[45.2218,41.5521],[45.2092,41.5607],[45.2067,41.5705],[45.1908,41.5515],[45.1746,41.5677],[45.1672,41.5584],[45.1577,41.5515],[45.1328,41.5438],[45.1301,41.553],[45.1207,41.5653],[45.1279,41.5726],[45.1535,41.5851],[45.1549,41.5921],[45.1555,41.5964],[45.1507,41.5974],[45.1254,41.5978],[45.1259,41.6104],[45.1334,41.6116],[45.129,41.62],[45.1473,41.6157],[45.1563,41.6246],[45.1776,41.6179],[45.1903,41.6199],[45.1948,41.6279],[45.2097,41.6385],[45.2124,41.646],[45.2123,41.6586],[45.2082,41.6648],[45.1966,41.673],[45.1891,41.6954],[45.1957,41.7016],[45.1999,41.7011],[45.2009,41.6966],[45.2057,41.6973],[45.206,41.7012],[45.2113,41.6971],[45.2121,41.7058],[45.2088,41.7095],[45.1977,41.7132],[45.2014,41.7169],[45.1892,41.7229],[45.194,41.7247],[45.1923,41.7283],[45.1945,41.7298],[45.1883,41.7362],[45.1798,41.7355],[45.1752,41.7427],[45.164,41.743],[45.1673,41.7528],[45.1656,41.7643],[45.1612,41.7615],[45.157,41.7622],[45.1588,41.7605],[45.1533,41.7579],[45.1454,41.759],[45.1416,41.7565],[45.1188,41.7589],[45.1183,41.764],[45.1211,41.7699],[45.1127,41.7721],[45.0998,41.7817],[45.101,41.7891],[45.0906,41.7946],[45.0966,41.7954],[45.0967,41.7981],[45.0809,41.8355],[45.0719,41.844],[45.049,41.8499],[45.0287,41.8495],[45.0162,41.8512],[45.0104,41.8548],[44.999,41.8548],[44.956,41.862],[44.9558,41.8621]]]}},{"type":"Feature","properties":{"id":"GE4724","name":"გორის","name_en":"Gori","kind":"municipality"},"geometry":{"type":"Polygon","coordinates":[[[44.0719,42.238],[44.062,42.2396],[44.0626,42.2364],[44.0469,42.2308],[44.0474,42.2282],[44.0437,42.2268],[44.0451,42.2207],[44.0361,42.2152],[44.0161,42.218],[44.016,42.2164],[43.9883,42.2164],[43.9893,42.2104],[43.983,42.2093],[43.984,42.2045],[43.9785,42.2044],[43.9756,42.201],[43.932,42.2142],[43.928,42.2112],[43.9106,42.2239],[43.9047,42.2209],[43.911,42.215],[43.9266,42.2071],[43.9248,42.2011],[43.9146,42.202],[43.9168,42.1968],[43.9295,42.1944],[43.927,42.1889],[43.9167,42.1898],[43.9254,42.1866],[43.927,42.1834],[43.9163,42.1684],[43.9143,42.15],[43.9164,42.147],[43.9114,42.1412],[43.9106,42.1367],[43.9202,42.135],[43.9212,42.1291],[43.9284,42.1219],[43.9241,42.1152],[43.9398,42.1153],[43.9416,42.1205],[43.9522,42.1148],[43.9524,42.1021],[43.9468,42.1],[43.9487,42.099],[43.9474,42.0973],[43.9594,42.0913],[43.9515,42.0827],[43.9523,42.08],[43.9663,42.0781],[43.9672,42.0739],[43.9813,42.0737],[43.9811,42.0719],[43.9947,42.0697],[43.991,42.0551],[44.0048,42.0523],[44.0097,42.0387],[44.0124,42.0386],[44.0124,42.0348],[44.0268,42.0349],[44.0269,42.0309],[44.037,42.0294],[44.0336,42.0274],[44.0349,42.0263],[44.046,42.0249],[44.0554,42.0112],[44.0495,42.0094],[44.0423,42.0115],[44.0284,42.0014],[44.0173,42.0063],[44.0121,42.0047],[43.9914,42.0082],[43.9913,42.0013],[43.9869,42.0005],[43.9803,41.9925],[43.98,41.9885],[43.9822,41.9826],[43.9863,41.9823],[43.9896,41.9706],[43.9794,41.9661],[43.9764,41.9595],[43.9631,41.9531],[43.9668,41.9481],[43.9605,41.9469],[43.9589,41.9414],[43.9528,41.9384],[43.9537,41.9335],[43.9399,41.9194],[43.9379,41.9146],[43.9276,41.9117],[43.9233,41.9059],[43.9138,41.9037],[43.9078,41.8997],[43.8796,41.9007],[43.8732,41.8977],[43.8679,41.8912],[43.8524,41.884],[43.8512,41.8724],[43.8328,41.871],[43.832,41.8662],[43.8236,41.8612],[43.8243,41.8587],[43.8194,41.8553],[43.8185,41.8471],[43.8141,41.8459],[43.8175,41.8415],[43.8126,41.8391],[43.8101,41.8339],[43.8015,41.8334],[43.7977,41.8275],[43.7895,41.8226],[43.7878,41.818],[43.7926,41.8078],[43.7999,41.8045],[43.8003,41.8009],[43.8103,41.7967],[43.8692,41.7791],[43.8817,41.7776],[43.8915,41.7822],[43.892,41.7728],[43.8971,41.7584],[43.9083,41.7576],[43.9153,41.7499],[43.9294,41.7466],[43.9487,41.7475],[43.96,41.742],[43.9723,41.747],[43.9916,41.7446],[43.9989,41.747],[44.0049,41.7445],[44.0138,41.7494],[44.0304,41.7478],[44.0467,41.7513],[44.0499,41.7458],[44.0597,41.7426],[44.0747,41.7455],[44.0873,41.7409],[44.0979,41.7419],[44.1089,41.7394],[44.1526,41.7471],[44.1552,41.7485],[44.1505,41.7566],[44.1523,41.7625],[44.1454,41.7703],[44.1463,41.7738],[44.1526,41.7766],[44.1547,41.7813],[44.1733,41.7838],[44.1785,41.7855],[44.1783,41.7876],[44.188,41.7879],[44.1889,41.7903],[44.1947,41.7903],[44.2001,41.7953],[44.2089,41.7954],[44.222,41.8003],[44.2206,41.8015],[44.224,41.8029],[44.2231,41.8059],[44.2118,41.8209],[44.2133,41.8235],[44.2225,41.8245],[44.2306,41.8331],[44.2325,41.8402],[44.2365,41.8446],[44.2455,41.8479],[44.2294,41.8677],[44.2051,41.8611],[44.1904,41.8538],[44.1673,41.8547],[44.1621,41.8578],[44.16,41.8634],[44.1681,41.872],[44.1747,41.873],[44.2044,41.8868],[44.1936,41.8921],[44.1948,41.8945],[44.2043,41.894],[44.192,41.9017],[44.1933,41.9074],[44.186,41.9109],[44.1797,41.9185],[44.1827,41.9285],[44.1776,41.9297],[44.1814,41.9404],[44.1987,41.9376],[44.2106,41.9462],[44.2265,41.9492],[44.2343,41.954],[44.2388,41.9532],[44.2408,41.9591],[44.2578,41.9539],[44.2577,41.9593],[44.2625,41.9644],[44.2611,41.9724],[44.2677,41.9788],[44.274,41.9792],[44.2767,41.9758],[44.2867,41.9763],[44.2931,41.9653],[44.309,41.9588],[44.3261,41.9588],[44.3209,41.965],[44.323,41.9702],[44.3314,41.9709],[44.3369,41.9681],[44.3278,41.9824],[44.3125,41.9841],[44.3096,41.9906],[44.2975,41.9928],[44.3008,42.0026],[44.3006,42.0206],[44.2975,42.0209],[44.2978,42.0231],[44.302,42.0244],[44.3022,42.037],[44.3136,42.042],[44.3116,42.0495],[44.3056,42.0531],[44.3088,42.0547],[44.3139,42.0649],[44.3196,42.0657],[44.3149,42.0683],[44.3095,42.0666],[44.3086,42.0721],[44.3049,42.0716],[44.2998,42.0693],[44.3019,42.068],[44.292,42.0673],[44.2913,42.0634],[44.2965,42.0629],[44.2889,42.0565],[44.2893,42.0532],[44.2736,42.0462],[44.2635,42.048],[44.2607,42.0464],[44.2721,42.0622],[44.2644,42.0715],[44.2691,42.072],[44.279,42.0879],[44.2811,42.0872],[44.2826,42.0897],[44.2809,42.0903],[44.2862,42.0916],[44.2846,42.0966],[44.2807,42.0973],[44.2846,42.101],[44.2782,42.1033],[44.283,42.1048],[44.2828,42.1075],[44.2789,42.1084],[44.2819,42.1105],[44.2785,42.1132],[44.2625,42.1133],[44.2456,42.1252],[44.2386,42.1241],[44.2358,42.1187],[44.2325,42.1182],[44.2298,42.1234],[44.2222,42.1282],[44.2244,42.1343],[44.2214,42.1377],[44.2255,42.1417],[44.2212,42.1457],[44.2273,42.1484],[44.2255,42.1504],[44.2127,42.1513],[44.2109,42.148],[44.2004,42.1489],[44.1992,42.1434],[44.1904,42.1468],[44.188,42.1506],[44.1811,42.1452],[44.1711,42.1488],[44.1673,42.1403],[44.1582,42.1403],[44.1541,42.1353],[44.1417,42.109],[44.1346,42.115],[44.1375,42.1216],[44.1339,42.1273],[44.1387,42.1366],[44.1417,42.1339],[44.1383,42.132],[44.144,42.1256],[44.1465,42.1366],[44.1432,42.1408],[44.1442,42.1503],[44.1402,42.1502],[44.1397,42.153],[44.1311,42.1562],[44.132,42.1588],[44.1269,42.161],[44.1255,42.1645],[44.1308,42.1679],[44.1178,42.1686],[44.1187,42.1703],[44.1139,42.1764],[44.1077,42.1786],[44.1112,42.1822],[44.1114,42.1886],[44.1068,42.1969],[44.0996,42.1966],[44.0975,42.2103],[44.0992,42.2105],[44.0991,42.2192],[44.0868,42.2336],[44.0728,42.2377],[44.0719,42.238]],[[44.0843,42.0123],[44.0827,42.015],[44.0845,42.0162],[44.0916,42.0171],[44.095,42.0123],[44.1018,42.0085],[44.1066,42.0087],[44.1122,41.9979],[44.1204,41.9998],[44.1218,42.0029],[44.1309,42.0007],[44.1306,41.9982],[44.1261,41.9973],[44.1256,41.9932],[44.1284,41.9885],[44.1351,41.987],[44.1356,41.9842],[44.1344,41.9815],[44.1261,41.9794],[44.132,41.9737],[44.1224,41.9652],[44.117,41.9635],[44.1054,41.9665],[44.1045,41.9689],[44.0954,41.9681],[44.0864,41.9709],[44.0801,41.9767],[44.0908,41.9933],[44.0843,42.003],[44.0827,42.0119],[44.0854,42.0102],[44.0845,42.0119],[44.0843,42.0123]]]}},{"type":"Feature","properties":{"id":"GE4711","name":"ქ. გორი","name_en":"Gori City","kind":"city"},"geometry":{"type":"Polygon","coordinates":[[[44.0983,42.0106],[44.0916,42.0171],[44.0827,42.015],[44.0854,42.0102],[44.0827,42.0119],[44.0843,42.003],[44.0908,41.9951],[44.0899,41.9902],[44.088,41.9906],[44.0864,41.9846],[44.0801,41.9767],[44.0864,41.9709],[44.0983,41.9678],[44.1045,41.9689],[44.1054,41.9665],[44.117,41.9635],[44.1224,41.9652],[44.132,41.9737],[44.1262,41.9799],[44.1344,41.9815],[44.1356,41.9842],[44.1351,41.987],[44.1284,41.9885],[44.1256,41.9932],[44.1261,41.9973],[44.1306,41.9982],[44.1309,42.0007],[44.1218,42.0029],[44.1204,41.9998],[44.1122,41.9979],[44.1066,42.0087],[44.0987,42.0104],[44.0983,42.0106]]]}},{"type":"Feature","properties":{"id":"GE2926","name":"გურჯაანის","name_en":"Gurjaani","kind":"municipality"},"geometry":{"type":"Polygon","coordinates":[[[45.9043,41.805],[45.8988,41.8097],[45.8988,41.8157],[45.8959,41.8193],[45.8986,41.8256],[45.889,41.8287],[45.8616,41.8305],[45.8551,41.8339],[45.844,41.831],[45.8413,41.8357],[45.8145,41.8485],[45.7984,41.8677],[45.7855,41.8718],[45.7854,41.8771],[45.7709,41.8755],[45.7574,41.881],[45.7603,41.888],[45.7464,41.8917],[45.7445,41.8942],[45.7402,41.8933],[45.731,41.8965],[45.7284,41.9031],[45.7179,41.9093],[45.7138,41.9028],[45.7023,41.8954],[45.6787,41.8876],[45.6779,41.8851],[45.6647,41.8793],[45.6629,41.8754],[45.6565,41.8712],[45.6431,41.8693],[45.6364,41.8655],[45.6367,41.8631],[45.6306,41.8578],[45.6053,41.8506],[45.5999,41.852],[45.5895,41.8493],[45.5776,41.8365],[45.5616,41.8293],[45.5515,41.834],[45.5389,41.8342],[45.5318,41.8251],[45.5397,41.8194],[45.5315,41.8123],[45.5301,41.8082],[45.5379,41.8006],[45.5368,41.7984],[45.5179,41.8064],[45.5116,41.7993],[45.5112,41.7946],[45.5195,41.7896],[45.5227,41.7849],[45.5197,41.7756],[45.5228,41.7709],[45.5178,41.765],[45.5108,41.7494],[45.5137,41.7396],[45.519,41.734],[45.5136,41.7235],[45.5216,41.72],[45.5208,41.7177],[45.5256,41.7185],[45.5463,41.7069],[45.5672,41.7016],[45.5714,41.6983],[45.5894,41.6958],[45.6007,41.6914],[45.6076,41.6919],[45.6081,41.6937],[45.6164,41.6931],[45.6242,41.689],[45.6216,41.6849],[45.6231,41.6832],[45.6384,41.6789],[45.6328,41.6661],[45.6356,41.6547],[45.6291,41.6458],[45.6296,41.6413],[45.6162,41.6417],[45.6219,41.6233],[45.5903,41.5996],[45.5919,41.5973],[45.5878,41.5884],[45.6,41.5834],[45.6013,41.5804],[45.6157,41.5778],[45.6142,41.5711],[45.6198,41.5728],[45.6233,41.5709],[45.622,41.567],[45.629,41.565],[45.6293,41.5603],[45.6347,41.5615],[45.6324,41.5584],[45.6386,41.5483],[45.6374,41.5454],[45.651,41.5438],[45.6668,41.5463],[45.6622,41.5476],[45.6638,41.5526],[45.6438,41.5582],[45.6474,41.5636],[45.6521,41.5646],[45.6727,41.5561],[45.679,41.5559],[45.683,41.5583],[45.6937,41.5551],[45.698,41.5559],[45.7169,41.5683],[45.7675,41.594],[45.7817,41.6037],[45.7784,41.604],[45.7813,41.6084],[45.7866,41.6072],[45.7927,41.6145],[45.8238,41.608],[45.8273,41.6191],[45.8328,41.6218],[45.8447,41.6217],[45.8582,41.6327],[45.866,41.6342],[45.8684,41.6326],[45.871,41.6365],[45.8919,41.6384],[45.8977,41.6458],[45.8953,41.6476],[45.899,41.6565],[45.9097,41.6623],[45.9202,41.6735],[45.9311,41.6772],[45.9283,41.6795],[45.9418,41.6895],[45.9406,41.6915],[45.966,41.7131],[45.9695,41.7107],[45.9719,41.7132],[45.9766,41.7131],[45.9708,41.7151],[45.9754,41.7259],[45.9626,41.7237],[45.9562,41.7274],[45.9656,41.7317],[45.9646,41.7355],[45.9566,41.7349],[45.9619,41.7386],[45.9617,41.7442],[45.9593,41.7443],[45.9602,41.7404],[45.9581,41.7395],[45.9454,41.7487],[45.9432,41.7432],[45.939,41.7401],[45.9353,41.7416],[45.9379,41.746],[45.9363,41.7478],[45.9297,41.7421],[45.9227,41.7401],[45.9214,41.7432],[45.9256,41.7481],[45.9207,41.7452],[45.917,41.747],[45.9172,41.7507],[45.9112,41.7503],[45.9114,41.7536],[45.9164,41.7548],[45.9118,41.7581],[45.9167,41.7603],[45.9204,41.7658],[45.9063,41.7719],[45.9139,41.7731],[45.9151,41.7776],[45.9119,41.7825],[45.9196,41.7789],[45.9255,41.7873],[45.9145,41.7864],[45.9142,41.7886],[45.9219,41.7904],[45.9219,41.7935],[45.9163,41.7993],[45.9049,41.8018],[45.9043,41.805]]]}},{"type":"Feature","properties":{"id":"GE4728","name":"ქარელის","name_en":"Kareli","kind":"municipality"},"geometry":{"type":"Polygon","coordinates":[[[43.9149,42.1617],[43.8881,42.1601],[43.8807,42.1622],[43.88,42.1697],[43.8746,42.1695],[43.8765,42.1678],[43.8746,42.1621],[43.8665,42.1638],[43.8707,42.1585],[43.8745,42.1469],[43.872,42.1405],[43.8746,42.1301],[43.8587,42.1339],[43.8587,42.1284],[43.8541,42.1246],[43.8468,42.11],[43.8161,42.1148],[43.8148,42.1192],[43.8117,42.1196],[43.8114,42.1262],[43.7985,42.1245],[43.7972,42.1282],[43.7929,42.1304],[43.7955,42.1365],[43.8029,42.1374],[43.7986,42.1378],[43.8011,42.1391],[43.7998,42.1419],[43.7915,42.1399],[43.7855,42.1487],[43.8042,42.1476],[43.8095,42.1509],[43.8078,42.1523],[43.8088,42.1593],[43.8067,42.1608],[43.7997,42.1626],[43.7813,42.1587],[43.7763,42.1608],[43.7692,42.1602],[43.7685,42.1676],[43.7577,42.1683],[43.7405,42.1668],[43.7336,42.1633],[43.7317,42.1675],[43.7285,42.1677],[43.726,42.165],[43.7312,42.16],[43.711,42.1592],[43.717,42.1563],[43.718,42.152],[43.7105,42.1474],[43.7196,42.1402],[43.7286,42.1373],[43.7153,42.1388],[43.7062,42.1346],[43.7049,42.1332],[43.7092,42.1288],[43.7068,42.1262],[43.7119,42.1245],[43.711,42.1177],[43.7185,42.1115],[43.7298,42.11],[43.7302,42.1055],[43.7351,42.1056],[43.7327,42.0999],[43.7278,42.0999],[43.7224,42.096],[43.7363,42.0945],[43.7386,42.0877],[43.7426,42.0871],[43.7377,42.0847],[43.744,42.0832],[43.7436,42.0799],[43.7477,42.0793],[43.7482,42.0735],[43.7301,42.0693],[43.7306,42.0644],[43.7266,42.0644],[43.7265,42.0562],[43.7349,42.0574],[43.736,42.0522],[43.7416,42.0534],[43.7466,42.0408],[43.7418,42.0382],[43.7457,42.0385],[43.7491,42.0361],[43.7481,42.0348],[43.7515,42.0343],[43.7506,42.0253],[43.7681,42.029],[43.7724,42.0185],[43.7736,42.0137],[43.7526,42.0105],[43.7526,42.0079],[43.7558,42.0077],[43.7584,42.0037],[43.7638,41.9913],[43.7559,41.9776],[43.7563,41.9736],[43.7671,41.971],[43.7496,41.9597],[43.7364,41.9592],[43.7188,41.9514],[43.7171,41.95],[43.7188,41.9481],[43.7093,41.9487],[43.7041,41.9457],[43.7063,41.9415],[43.7019,41.9392],[43.6952,41.9398],[43.6802,41.9357],[43.6779,41.9286],[43.6827,41.9234],[43.6845,41.9168],[43.6841,41.9066],[43.6819,41.9044],[43.6818,41.8954],[43.6838,41.8929],[43.681,41.8921],[43.6827,41.8833],[43.6864,41.8809],[43.6735,41.8768],[43.6634,41.864],[43.6625,41.8594],[43.6589,41.8579],[43.6659,41.8476],[43.6608,41.8421],[43.6655,41.8377],[43.66,41.8286],[43.669,41.8172],[43.682,41.8143],[43.6944,41.8164],[43.6975,41.8152],[43.6966,41.811],[43.6984,41.8095],[43.712,41.8036],[43.723,41.8021],[43.7371,41.7945],[43.7621,41.7943],[43.778,41.7976],[43.79,41.7937],[43.7961,41.7954],[43.7995,41.7986],[43.8004,41.8038],[43.7926,41.8078],[43.7879,41.8189],[43.7907,41.8248],[43.7977,41.8275],[43.8015,41.8334],[43.8101,41.8339],[43.8126,41.8391],[43.8175,41.8415],[43.8141,41.8459],[43.8185,41.8471],[43.8194,41.8553],[43.8243,41.8587],[43.8236,41.8612],[43.8312,41.8654],[43.8338,41.8691],[43.8328,41.871],[43.8512,41.8724],[43.8524,41.884],[43.8679,41.8912],[43.8774,41.8999],[43.9078,41.8997],[43.9138,41.9037],[43.9233,41.9059],[43.9276,41.9117],[43.9379,41.9146],[43.9399,41.9194],[43.9537,41.9335],[43.9528,41.9384],[43.9589,41.9414],[43.9605,41.9469],[43.9668,41.9481],[43.9631,41.9531],[43.9764,41.9595],[43.9794,41.9661],[43.9896,41.9706],[43.9863,41.9823],[43.9822,41.9826],[43.98,41.9885],[43.9803,41.9925],[43.9869,42.0005],[43.9913,42.0013],[43.9914,42.0082],[44.0121,42.0047],[44.0173,42.0063],[44.0284,42.0014],[44.0423,42.0115],[44.0493,42.0094],[44.0552,42.0104],[44.052,42.0185],[44.046,42.0249],[44.0349,42.0263],[44.0336,42.0274],[44.037,42.0294],[44.0269,42.0309],[44.0268,42.0349],[44.0124,42.0348],[44.0124,42.0386],[44.0097,42.0387],[44.0048,42.0523],[43.991,42.0551],[43.9947,42.0697],[43.9811,42.0719],[43.9813,42.0737],[43.9672,42.0739],[43.9663,42.0781],[43.9523,42.08],[43.9515,42.0827],[43.9594,42.0913],[43.9474,42.0973],[43.9487,42.099],[43.9468,42.1],[43.9524,42.1021],[43.9522,42.1148],[43.9416,42.1205],[43.9398,42.1153],[43.9241,42.1152],[43.9284,42.1219],[43.9212,42.1291],[43.9202,42.135],[43.9106,42.1367],[43.9114,42.1412],[43.9164,42.147],[43.9143,42.15],[43.915,42.1612],[43.9149,42.1617]]]}},{"type":"Feature","properties":{"id":"GE4726","name":"კასპის","name_en":"Kaspi","kind":"municipality"},"geometry":{"type":"Polygon","coordinates":[[[44.3792,42.0546],[44.3681,42.057],[44.3645,42.0549],[44.3665,42.0516],[44.3614,42.0431],[44.3529,42.0433],[44.3516,42.0364],[44.3475,42.0384],[44.3469,42.043],[44.335,42.0426],[44.3368,42.0377],[44.3345,42.0377],[44.3349,42.0351],[44.3261,42.0348],[44.3227,42.022],[44.3077,42.0248],[44.2978,42.0231],[44.2975,42.0209],[44.3006,42.0206],[44.3008,42.0021],[44.2975,41.9928],[44.3096,41.9906],[44.3125,41.9841],[44.3278,41.9824],[44.3369,41.9681],[44.3314,41.9709],[44.3217,41.9696],[44.3209,41.965],[44.3261,41.9588],[44.309,41.9588],[44.3001,41.9612],[44.3009,41.9628],[44.2896,41.9686],[44.2867,41.9763],[44.2767,41.9758],[44.274,41.9792],[44.2677,41.9788],[44.2611,41.9724],[44.2625,41.9644],[44.2577,41.9593],[44.2578,41.9539],[44.2408,41.9591],[44.2388,41.9532],[44.2343,41.954],[44.2265,41.9492],[44.2106,41.9462],[44.1987,41.9376],[44.1814,41.9404],[44.1776,41.9297],[44.1827,41.9285],[44.1797,41.9185],[44.186,41.9109],[44.1933,41.9074],[44.192,41.9017],[44.2043,41.894],[44.1948,41.8945],[44.1936,41.8921],[44.2044,41.8868],[44.1747,41.873],[44.1681,41.872],[44.16,41.8634],[44.1621,41.8578],[44.1673,41.8547],[44.1904,41.8538],[44.2051,41.8611],[44.2294,41.8677],[44.2455,41.8479],[44.2365,41.8446],[44.2325,41.8402],[44.2306,41.8331],[44.2225,41.8245],[44.2133,41.8235],[44.2118,41.8209],[44.2231,41.8059],[44.224,41.8029],[44.2206,41.8015],[44.222,41.8003],[44.2089,41.7954],[44.2001,41.7953],[44.1947,41.7903],[44.1889,41.7903],[44.188,41.7879],[44.1783,41.7876],[44.1785,41.7855],[44.1733,41.7838],[44.1547,41.7813],[44.1526,41.7766],[44.1463,41.7738],[44.1448,41.7716],[44.1522,41.7628],[44.1505,41.7566],[44.1552,41.7485],[44.1714,41.7473],[44.1894,41.751],[44.1912,41.7536],[44.1959,41.7509],[44.211,41.7501],[44.2077,41.7429],[44.2196,41.745],[44.2343,41.7406],[44.242,41.7423],[44.2479,41.748],[44.2535,41.7495],[44.2743,41.744],[44.2862,41.7484],[44.2866,41.752],[44.2932,41.7574],[44.3124,41.7574],[44.323,41.7613],[44.3231,41.7695],[44.3251,41.7709],[44.3382,41.7734],[44.341,41.775],[44.3392,41.7776],[44.3512,41.7792],[44.3554,41.779],[44.3605,41.7743],[44.358,41.7706],[44.3617,41.7682],[44.3618,41.7633],[44.3755,41.7541],[44.3746,41.7504],[44.3853,41.7442],[44.3958,41.7469],[44.405,41.7421],[44.4261,41.7421],[44.4296,41.7391],[44.4405,41.7374],[44.4534,41.7439],[44.4656,41.7445],[44.4776,41.7491],[44.4778,41.7523],[44.4831,41.757],[44.4778,41.7752],[44.469,41.7808],[44.4724,41.7819],[44.4757,41.7903],[44.4817,41.7914],[44.4874,41.7997],[44.4914,41.801],[44.4902,41.8052],[44.5012,41.8118],[44.5031,41.8161],[44.5002,41.8201],[44.5051,41.832],[44.5153,41.8378],[44.508,41.8471],[44.5111,41.8531],[44.4949,41.8546],[44.4969,41.8605],[44.512,41.8593],[44.5219,41.8727],[44.5359,41.8675],[44.5448,41.8699],[44.5514,41.8619],[44.5617,41.862],[44.5639,41.8674],[44.5679,41.8694],[44.5733,41.8785],[44.57,41.8865],[44.5731,41.8999],[44.5654,41.905],[44.5566,41.9251],[44.5479,41.9319],[44.5429,41.9412],[44.5241,41.9517],[44.5232,41.9623],[44.511,41.9783],[44.5062,41.9939],[44.5056,42.001],[44.509,42.0092],[44.5063,42.0128],[44.5062,42.0199],[44.5028,42.0223],[44.4995,42.0312],[44.4943,42.0346],[44.4942,42.0386],[44.4842,42.0422],[44.4812,42.0462],[44.4629,42.0428],[44.4563,42.0466],[44.4561,42.044],[44.4517,42.0449],[44.453,42.0423],[44.4453,42.044],[44.4434,42.0417],[44.4241,42.0481],[44.4167,42.0477],[44.4131,42.0446],[44.4187,42.0409],[44.4173,42.0368],[44.4104,42.0398],[44.4064,42.0373],[44.4047,42.0435],[44.3947,42.0422],[44.3914,42.044],[44.3898,42.0543],[44.3794,42.0546],[44.3792,42.0546]]]}},{"type":"Feature","properties":{"id":"GE3231","name":"ყაზბეგის","name_en":"Kazbegi","kind":"municipality"},"geometry":{"type":"Polygon","coordinates":[[[44.8297,42.6176],[44.8271,42.6159],[44.8013,42.6153],[44.7777,42.6386],[44.7672,42.6416],[44.7635,42.6514],[44.7646,42.6553],[44.7549,42.6685],[44.7573,42.6738],[44.7557,42.6783],[44.7469,42.6882],[44.7446,42.7066],[44.7519,42.7142],[44.7378,42.7288],[44.7265,42.7301],[44.7145,42.7381],[44.7116,42.7431],[44.6958,42.7435],[44.6907,42.7465],[44.6856,42.7538],[44.678,42.7566],[44.6681,42.7495],[44.6538,42.7471],[44.6375,42.7454],[44.6003,42.7488],[44.5798,42.7449],[44.5663,42.7529],[44.553,42.7664],[44.5482,42.7644],[44.5454,42.7584],[44.5324,42.7531],[44.5124,42.7534],[44.5088,42.7501],[44.5077,42.7419],[44.4998,42.736],[44.5079,42.7267],[44.5202,42.7032],[44.5185,42.6966],[44.5109,42.6966],[44.4938,42.7025],[44.4157,42.7199],[44.4101,42.7088],[44.4002,42.7089],[44.3926,42.7045],[44.3879,42.7125],[44.3838,42.7146],[44.3649,42.7158],[44.3499,42.7107],[44.333,42.7194],[44.3219,42.7196],[44.3177,42.7226],[44.309,42.7189],[44.3051,42.7104],[44.3004,42.7062],[44.2883,42.6992],[44.275,42.6963],[44.2691,42.6908],[44.2487,42.6802],[44.2403,42.6651],[44.2394,42.65],[44.2309,42.6403],[44.2335,42.6336],[44.2309,42.6199],[44.2258,42.6109],[44.2276,42.6071],[44.2374,42.6054],[44.2445,42.5946],[44.2502,42.591],[44.2554,42.5984],[44.2682,42.6045],[44.2873,42.5948],[44.3014,42.5831],[44.302,42.5779],[44.3068,42.5784],[44.3088,42.5644],[44.3145,42.5567],[44.3193,42.5551],[44.3207,42.5522],[44.3446,42.547],[44.3489,42.5308],[44.3475,42.5262],[44.3513,42.5241],[44.3636,42.5245],[44.3683,42.5168],[44.3794,42.5106],[44.3763,42.5041],[44.3492,42.5023],[44.3344,42.4924],[44.342,42.4806],[44.3541,42.4704],[44.3746,42.4719],[44.3835,42.463],[44.3953,42.4586],[44.4001,42.4631],[44.4087,42.4643],[44.4147,42.462],[44.4208,42.4638],[44.4274,42.4596],[44.44,42.4607],[44.4495,42.4576],[44.4538,42.4467],[44.4637,42.4368],[44.4872,42.4432],[44.4884,42.4494],[44.493,42.4532],[44.4859,42.4633],[44.484,42.4625],[44.4865,42.4687],[44.4922,42.4702],[44.4871,42.4737],[44.4901,42.478],[44.4861,42.4818],[44.4884,42.4831],[44.4818,42.4865],[44.48,42.4901],[44.4831,42.4957],[44.4815,42.5028],[44.487,42.5131],[44.4945,42.5103],[44.5041,42.5151],[44.5127,42.5126],[44.526,42.5216],[44.5506,42.524],[44.5652,42.518],[44.567,42.5078],[44.5743,42.5059],[44.5842,42.5109],[44.5926,42.5106],[44.6069,42.4971],[44.6237,42.4981],[44.6416,42.4913],[44.6546,42.5126],[44.6679,42.5195],[44.67,42.5238],[44.6868,42.5133],[44.6995,42.514],[44.7001,42.5101],[44.7057,42.5063],[44.7057,42.509],[44.7131,42.5142],[44.7235,42.5279],[44.7367,42.5234],[44.7396,42.5252],[44.7608,42.5249],[44.7935,42.5397],[44.7953,42.547],[44.8119,42.5512],[44.8208,42.5565],[44.832,42.5723],[44.8321,42.5754],[44.8503,42.5899],[44.8582,42.5917],[44.8458,42.6105],[44.8375,42.6177],[44.8298,42.6178],[44.8297,42.6176]]]}},{"type":"Feature","properties":{"id":"GE1523","name":"ქედის","name_en":"Keda","kind":"municipality"},"geometry":{"type":"Polygon","coordinates":[[[41.9972,41.6953],[41.9712,41.6991],[41.9641,41.6962],[41.9583,41.6853],[41.9554,41.671],[41.9511,41.6668],[41.9454,41.6539],[41.9257,41.644],[41.9105,41.6417],[41.898,41.6367],[41.8897,41.6401],[41.8842,41.6347],[41.877,41.6351],[41.8534,41.6196],[41.8476,41.6107],[41.8387,41.6078],[41.8179,41.6112],[41.8055,41.6075],[41.7881,41.5949],[41.7828,41.5934],[41.7768,41.5844],[41.7699,41.5823],[41.7634,41.5767],[41.763,41.5711],[41.7591,41.5666],[41.7651,41.5562],[41.7673,41.545],[41.764,41.5435],[41.7654,41.5386],[41.769,41.5364],[41.7695,41.5311],[41.7577,41.5334],[41.7497,41.5266],[41.7708,41.5263],[41.7857,41.529],[41.7901,41.532],[41.8026,41.5296],[41.8166,41.532],[41.8206,41.5317],[41.8186,41.5254],[41.8215,41.5222],[41.8553,41.5265],[41.8628,41.524],[41.8752,41.5244],[41.8763,41.519],[41.8808,41.5178],[41.8828,41.5138],[41.8946,41.5107],[41.8921,41.5059],[41.8833,41.5029],[41.88,41.4975],[41.8849,41.4888],[41.9014,41.4894],[41.9098,41.4945],[41.9107,41.499],[41.9277,41.5084],[41.937,41.5098],[41.9416,41.5152],[41.9479,41.5173],[41.9547,41.5234],[41.9624,41.5246],[41.974,41.5212],[41.9851,41.5223],[41.9922,41.5168],[41.992,41.5114],[41.9958,41.5046],[42.0278,41.5004],[42.0328,41.4953],[42.0396,41.494],[42.0581,41.4979],[42.0656,41.5038],[42.0844,41.5102],[42.0977,41.5098],[42.1014,41.5068],[42.1108,41.5114],[42.116,41.5109],[42.1155,41.5347],[42.1106,41.5427],[42.1089,41.5399],[42.1031,41.5506],[42.1019,41.5696],[42.1059,41.5808],[42.1039,41.5884],[42.1059,41.5944],[42.0964,41.6019],[42.1253,41.6113],[42.1254,41.6228],[42.1288,41.6259],[42.1312,41.642],[42.1204,41.6467],[42.1207,41.6556],[42.1121,41.6703],[42.1063,41.674],[42.0963,41.6755],[42.1032,41.6814],[42.107,41.6912],[42.0697,41.6922],[42.0343,41.6974],[42.0011,41.6952],[41.9972,41.6953]]]}},{"type":"Feature","properties":{"id":"GE2642","name":"ხარაგაულის","name_en":"Kharagauli","kind":"municipality"},"geometry":{"type":"Polygon","coordinates":[[[43.3103,42.164],[43.3085,42.1657],[43.2982,42.1629],[43.2917,42.1556],[43.2739,42.1499],[43.2747,42.1473],[43.2727,42.1468],[43.2548,42.1498],[43.2472,42.1553],[43.2408,42.1528],[43.2343,42.1482],[43.2353,42.147],[43.2285,42.1458],[43.2245,42.1402],[43.2132,42.136],[43.2159,42.1266],[43.2088,42.1175],[43.2098,42.1096],[43.2058,42.1076],[43.2034,42.1102],[43.1987,42.0988],[43.2014,42.0926],[43.2067,42.0935],[43.2051,42.0915],[43.2087,42.0903],[43.2079,42.0887],[43.2146,42.0887],[43.214,42.0869],[43.1943,42.0858],[43.1924,42.0841],[43.1953,42.0833],[43.1955,42.0777],[43.1889,42.0748],[43.1851,42.0689],[43.1693,42.0627],[43.1614,42.0649],[43.1615,42.0751],[43.1584,42.0735],[43.1584,42.07],[43.1482,42.0738],[43.1434,42.0676],[43.1445,42.063],[43.1401,42.063],[43.1396,42.0609],[43.1456,42.0569],[43.1421,42.0518],[43.1286,42.0536],[43.127,42.0576],[43.1103,42.0615],[43.1081,42.0609],[43.1085,42.0535],[43.106,42.0528],[43.0999,42.0522],[43.0964,42.0544],[43.0836,42.0517],[43.0802,42.0473],[43.0743,42.0486],[43.0703,42.044],[43.0658,42.0443],[43.0652,42.0475],[43.0557,42.043],[43.0537,42.0451],[43.0463,42.0439],[43.0526,42.0373],[43.0368,42.0311],[43.0298,42.0309],[43.0233,42.0195],[43.0239,42.0163],[43.01,42.0168],[43.0019,41.9991],[43.0037,41.9929],[43.0024,41.9822],[43.0087,41.9806],[43.0115,41.9758],[43.0269,41.9672],[43.0417,41.9654],[43.0452,41.9596],[43.0448,41.9526],[43.0556,41.9466],[43.0667,41.9372],[43.0679,41.9333],[43.0784,41.928],[43.0754,41.9222],[43.0781,41.9156],[43.0768,41.9114],[43.0917,41.9031],[43.0889,41.9019],[43.0911,41.89],[43.1178,41.878],[43.1198,41.8751],[43.1087,41.8596],[43.1161,41.8549],[43.1174,41.8509],[43.1151,41.8482],[43.1283,41.8424],[43.1273,41.8317],[43.1595,41.8377],[43.1932,41.8472],[43.2032,41.8522],[43.2166,41.8661],[43.2432,41.8693],[43.287,41.8789],[43.2987,41.8907],[43.3051,41.8901],[43.3362,41.8981],[43.3545,41.8984],[43.3717,41.9096],[43.3725,41.9151],[43.3918,41.9168],[43.4054,41.9238],[43.4411,41.9298],[43.4474,41.9383],[43.4463,41.9465],[43.4407,41.9485],[43.4426,41.9576],[43.437,41.9635],[43.4436,41.9724],[43.4323,41.9855],[43.4484,41.9895],[43.4608,41.9956],[43.4472,41.9953],[43.4472,41.9969],[43.4437,41.9937],[43.4408,41.9941],[43.4421,41.9966],[43.4268,41.9954],[43.4461,42.0014],[43.4487,41.9982],[43.4556,41.9994],[43.4663,42.0038],[43.4701,42.0025],[43.4756,42.0074],[43.4816,42.0061],[43.4947,42.0096],[43.4907,42.0133],[43.4953,42.014],[43.4933,42.0194],[43.4979,42.0187],[43.4992,42.0207],[43.4958,42.0253],[43.4981,42.0318],[43.4959,42.0375],[43.4872,42.0418],[43.4962,42.0543],[43.5013,42.0695],[43.5023,42.0891],[43.4972,42.0912],[43.497,42.0974],[43.5059,42.102],[43.5038,42.1106],[43.4975,42.1116],[43.4916,42.1091],[43.4854,42.1118],[43.4838,42.1092],[43.4716,42.107],[43.4685,42.1147],[43.4642,42.1139],[43.4438,42.132],[43.4334,42.1308],[43.4337,42.1333],[43.4305,42.1335],[43.427,42.1391],[43.4267,42.1443],[43.4169,42.1533],[43.4143,42.1513],[43.415,42.1461],[43.3954,42.1358],[43.3914,42.1261],[43.3808,42.1215],[43.3756,42.1259],[43.3781,42.1311],[43.3691,42.1314],[43.3671,42.129],[43.3424,42.1374],[43.3465,42.1416],[43.3366,42.1472],[43.333,42.1546],[43.318,42.1546],[43.3142,42.1527],[43.315,42.151],[43.311,42.1514],[43.3082,42.1578],[43.3101,42.1629],[43.3103,42.164]]]}},{"type":"Feature","properties":{"id":"GE4731","name":"ხაშურის","name_en":"Khashuri","kind":"municipality"},"geometry":{"type":"Polygon","coordinates":[[[43.6313,42.1736],[43.6139,42.1721],[43.6236,42.1676],[43.6243,42.1662],[43.6188,42.1641],[43.6071,42.1692],[43.5927,42.1698],[43.5833,42.158],[43.5701,42.1518],[43.5694,42.1459],[43.5646,42.1403],[43.564,42.1299],[43.5501,42.1205],[43.5576,42.1186],[43.5533,42.1157],[43.5538,42.1062],[43.5304,42.1023],[43.528,42.0972],[43.5217,42.0951],[43.5214,42.0925],[43.5084,42.0921],[43.5023,42.0989],[43.497,42.0974],[43.4972,42.0912],[43.5023,42.0891],[43.5013,42.0695],[43.4962,42.0543],[43.4872,42.0418],[43.4959,42.0375],[43.4981,42.0318],[43.4958,42.0253],[43.4992,42.0207],[43.4979,42.0187],[43.4933,42.0194],[43.4953,42.014],[43.4907,42.0133],[43.4947,42.0096],[43.4816,42.0061],[43.4756,42.0074],[43.4701,42.0025],[43.4663,42.0038],[43.4556,41.9994],[43.4487,41.9982],[43.4461,42.0014],[43.4268,41.9954],[43.4421,41.9966],[43.4408,41.9941],[43.4437,41.9937],[43.4472,41.9969],[43.4472,41.9953],[43.4608,41.9956],[43.4484,41.9895],[43.4323,41.9855],[43.4436,41.9724],[43.4522,41.9411],[43.465,41.9468],[43.5059,41.943],[43.5188,41.9276],[43.53,41.9209],[43.565,41.9192],[43.5751,41.9166],[43.5846,41.9037],[43.5785,41.8892],[43.6064,41.8751],[43.6075,41.8655],[43.6022,41.8572],[43.6153,41.845],[43.6154,41.8394],[43.6254,41.8437],[43.6374,41.8439],[43.6457,41.8399],[43.653,41.8441],[43.6609,41.8425],[43.6651,41.8465],[43.6589,41.8579],[43.6625,41.8594],[43.6634,41.864],[43.6735,41.8768],[43.6864,41.8809],[43.6827,41.8833],[43.681,41.8921],[43.6838,41.8929],[43.6818,41.8954],[43.6819,41.9044],[43.6841,41.9066],[43.6844,41.9172],[43.6778,41.9325],[43.6852,41.938],[43.7019,41.9392],[43.7063,41.9415],[43.7041,41.9457],[43.7091,41.9486],[43.7188,41.9481],[43.7171,41.95],[43.7188,41.9514],[43.7364,41.9592],[43.7496,41.9597],[43.7671,41.971],[43.7563,41.9736],[43.7559,41.9776],[43.7638,41.9913],[43.7584,42.0037],[43.7558,42.0077],[43.7526,42.0079],[43.7526,42.0105],[43.7736,42.0137],[43.7681,42.029],[43.7506,42.0253],[43.7515,42.0343],[43.7481,42.0348],[43.7491,42.0361],[43.7457,42.0385],[43.7418,42.0382],[43.7466,42.0408],[43.7416,42.0534],[43.736,42.0522],[43.7349,42.0574],[43.7265,42.0562],[43.7266,42.0644],[43.7306,42.0644],[43.7301,42.0693],[43.7482,42.0735],[43.7477,42.0793],[43.7436,42.0799],[43.744,42.0832],[43.7377,42.0847],[43.7426,42.0871],[43.7386,42.0877],[43.7363,42.0945],[43.7224,42.096],[43.7278,42.0999],[43.7327,42.0999],[43.7351,42.1056],[43.7302,42.1055],[43.7298,42.11],[43.7185,42.1115],[43.711,42.1177],[43.7119,42.1245],[43.7068,42.1262],[43.7092,42.1288],[43.7049,42.1337],[43.7153,42.1388],[43.6989,42.1441],[43.6972,42.149],[43.6662,42.1475],[43.6598,42.1522],[43.6549,42.1616],[43.6598,42.1662],[43.643,42.1682],[43.6357,42.173],[43.6313,42.1736]]]}},{"type":"Feature","properties":{"id":"GE1532","name":"ხელვაჩაურის","name_en":"Khelvachauri","kind":"municipality"},"geometry":{"type":"Polygon","coordinates":[[[41.728,41.6808],[41.7252,41.6805],[41.724,41.6767],[41.7112,41.68],[41.7071,41.6756],[41.6992,41.6764],[41.6888,41.6581],[41.6942,41.6534],[41.6919,41.6548],[41.6851,41.6495],[41.6768,41.649],[41.6726,41.6453],[41.6772,41.6435],[41.6784,41.6391],[41.6827,41.6362],[41.6808,41.6345],[41.6819,41.6295],[41.6775,41.6298],[41.6764,41.635],[41.6697,41.637],[41.665,41.6369],[41.6658,41.6342],[41.6599,41.634],[41.6586,41.6396],[41.6538,41.6391],[41.6511,41.6356],[41.6544,41.6314],[41.6538,41.6276],[41.6582,41.6279],[41.656,41.6223],[41.6588,41.621],[41.658,41.6179],[41.6633,41.6122],[41.6625,41.6084],[41.6515,41.5982],[41.6431,41.5956],[41.6549,41.5923],[41.6627,41.5861],[41.6674,41.5696],[41.6557,41.5738],[41.6367,41.5858],[41.598,41.5956],[41.5934,41.58],[41.5916,41.5807],[41.588,41.5757],[41.5915,41.5722],[41.5918,41.5671],[41.5847,41.5625],[41.5867,41.557],[41.5824,41.5514],[41.584,41.5465],[41.5785,41.5407],[41.5772,41.5342],[41.5732,41.5309],[41.5608,41.537],[41.5601,41.5444],[41.5533,41.5407],[41.5495,41.534],[41.5472,41.5204],[41.5738,41.5192],[41.5813,41.5149],[41.5845,41.5089],[41.619,41.5013],[41.6288,41.4903],[41.6358,41.4867],[41.655,41.4856],[41.6663,41.4824],[41.6805,41.4876],[41.6912,41.4883],[41.7014,41.4948],[41.7097,41.4963],[41.7152,41.4925],[41.7167,41.4881],[41.7137,41.48],[41.7083,41.4743],[41.7531,41.4707],[41.7732,41.461],[41.776,41.4636],[41.7857,41.4616],[41.7886,41.4502],[41.8057,41.4464],[41.8154,41.434],[41.8235,41.4315],[41.8451,41.4411],[41.8465,41.4484],[41.8819,41.4611],[41.8878,41.4721],[41.8948,41.4752],[41.8927,41.4802],[41.9014,41.4893],[41.8849,41.4888],[41.8811,41.4927],[41.88,41.4975],[41.8833,41.5029],[41.8921,41.5059],[41.8946,41.5107],[41.8828,41.5138],[41.8808,41.5178],[41.8763,41.519],[41.8752,41.5244],[41.8628,41.524],[41.8553,41.5265],[41.8215,41.5222],[41.8186,41.5254],[41.8206,41.5317],[41.8166,41.532],[41.8026,41.5296],[41.7901,41.532],[41.7857,41.529],[41.7708,41.5263],[41.7497,41.5266],[41.7577,41.5334],[41.7695,41.5311],[41.769,41.5364],[41.7654,41.5386],[41.764,41.5435],[41.7673,41.545],[41.7651,41.5562],[41.7591,41.5666],[41.763,41.5711],[41.7644,41.5781],[41.7768,41.5844],[41.7828,41.5934],[41.7881,41.5949],[41.8055,41.6075],[41.8179,41.6112],[41.8211,41.6235],[41.8169,41.6297],[41.808,41.632],[41.8064,41.6374],[41.8123,41.6494],[41.8089,41.6535],[41.8017,41.6537],[41.7862,41.6487],[41.7633,41.6517],[41.7585,41.6557],[41.7436,41.6549],[41.7433,41.6595],[41.7397,41.6625],[41.7379,41.6602],[41.7328,41.6605],[41.7358,41.663],[41.7338,41.6642],[41.7352,41.6704],[41.7302,41.6719],[41.7279,41.6803],[41.728,41.6808]]]}},{"type":"Feature","properties":{"id":"GE3838","name":"ხობის","name_en":"Khobi","kind":"municipality"},"geometry":{"type":"Polygon","coordinates":[[[42.0121,42.4674],[42.0017,42.4679],[41.9994,42.4722],[41.9873,42.4707],[41.9796,42.4727],[41.9791,42.4692],[41.9734,42.464],[41.9694,42.4665],[41.9587,42.4566],[41.9528,42.4471],[41.9595,42.4413],[41.9564,42.4292],[41.9672,42.4208],[41.9695,42.4156],[41.9538,42.3955],[41.9493,42.3944],[41.949,42.3915],[41.9419,42.3872],[41.9418,42.3839],[41.9378,42.3839],[41.9364,42.3812],[41.9304,42.3815],[41.9278,42.3778],[41.9227,42.3785],[41.9212,42.3751],[41.9182,42.3756],[41.9181,42.3703],[41.9211,42.3682],[41.9142,42.3677],[41.9114,42.3627],[41.9122,42.3588],[41.8906,42.3617],[41.8917,42.3633],[41.889,42.3652],[41.8666,42.37],[41.8649,42.3726],[41.8593,42.3738],[41.8554,42.3762],[41.8545,42.3816],[41.8446,42.3903],[41.8425,42.397],[41.8349,42.3996],[41.8301,42.3975],[41.828,42.4059],[41.8111,42.4135],[41.7973,42.4093],[41.7972,42.4047],[41.7944,42.4079],[41.7783,42.4069],[41.7679,42.4021],[41.7663,42.3981],[41.7606,42.3943],[41.758,42.3887],[41.7577,42.3772],[41.7686,42.3706],[41.7677,42.3635],[41.7529,42.3669],[41.7425,42.3612],[41.728,42.3597],[41.7334,42.3462],[41.7276,42.3401],[41.7292,42.3348],[41.7252,42.3179],[41.7131,42.3053],[41.7059,42.3039],[41.6974,42.3074],[41.6865,42.3074],[41.6763,42.3109],[41.6679,42.3171],[41.6539,42.3179],[41.6506,42.3233],[41.624,42.3225],[41.614,42.329],[41.626,42.2983],[41.6312,42.2783],[41.6343,42.2751],[41.6406,42.247],[41.6397,42.2299],[41.6289,42.213],[41.6302,42.2087],[41.6536,42.1975],[41.6893,42.1956],[41.7047,42.1863],[41.7073,42.1874],[41.7004,42.1815],[41.6953,42.1677],[41.7207,42.1611],[41.6989,42.1612],[41.6991,42.1558],[41.6908,42.1522],[41.6947,42.1408],[41.6921,42.14],[41.6992,42.1314],[41.7042,42.1119],[41.7097,42.1016],[41.7169,42.1019],[41.7539,42.1366],[41.7751,42.1385],[41.7816,42.146],[41.7859,42.1442],[41.7975,42.1453],[41.8021,42.1416],[41.8105,42.1425],[41.8153,42.1376],[41.8202,42.1407],[41.8308,42.1386],[41.8385,42.1423],[41.8548,42.144],[41.8593,42.1469],[41.8759,42.1436],[41.8773,42.1731],[41.8857,42.19],[41.8839,42.1955],[41.8873,42.2068],[41.8818,42.2227],[41.8991,42.2178],[41.9039,42.2223],[41.9335,42.2296],[41.9431,42.2298],[41.9436,42.2281],[41.9517,42.2296],[41.96,42.2315],[41.9616,42.2352],[41.9729,42.2373],[41.9716,42.2524],[41.977,42.2578],[41.9771,42.2608],[41.9739,42.2627],[41.9793,42.2701],[41.977,42.2758],[41.9812,42.2802],[41.9813,42.2841],[41.9909,42.2868],[41.9949,42.2918],[41.9962,42.3114],[41.9941,42.315],[41.9958,42.3179],[41.9786,42.325],[41.9676,42.3256],[41.9665,42.3323],[41.9631,42.3341],[41.9623,42.3376],[41.971,42.3486],[41.964,42.3526],[41.9573,42.3616],[41.9515,42.3633],[41.9462,42.3697],[41.9471,42.3735],[41.9599,42.3697],[41.9768,42.3687],[41.9782,42.3665],[41.9939,42.3688],[42.004,42.3738],[42.0099,42.3661],[42.0097,42.3634],[42.0064,42.3621],[42.0181,42.356],[42.0272,42.3641],[42.0311,42.3635],[42.0419,42.3709],[42.0403,42.3758],[42.044,42.3778],[42.0441,42.3809],[42.0499,42.3876],[42.055,42.3894],[42.0475,42.3954],[42.0408,42.3945],[42.0438,42.397],[42.0445,42.4016],[42.049,42.4034],[42.0488,42.407],[42.0521,42.4108],[42.0514,42.42],[42.0459,42.4227],[42.0484,42.4275],[42.0625,42.4353],[42.0652,42.4408],[42.0626,42.4458],[42.0433,42.4516],[42.0377,42.4488],[42.022,42.4512],[42.0146,42.4494],[42.0182,42.4531],[42.0111,42.4599],[42.0121,42.467],[42.0121,42.4674]]]}},{"type":"Feature","properties":{"id":"GE2644","name":"ხონის","name_en":"Khoni","kind":"municipality"},"geometry":{"type":"Polygon","coordinates":[[[42.6398,42.4653],[42.6358,42.4666],[42.6389,42.4715],[42.6373,42.4833],[42.6303,42.4885],[42.6294,42.5017],[42.6279,42.5032],[42.6224,42.5012],[42.6213,42.5147],[42.6219,42.5288],[42.6357,42.5434],[42.618,42.5576],[42.6156,42.5647],[42.5946,42.5611],[42.577,42.5532],[42.5611,42.5504],[42.5513,42.5519],[42.5297,42.5439],[42.5262,42.5323],[42.5074,42.5166],[42.4909,42.5103],[42.4858,42.5043],[42.4915,42.4885],[42.4865,42.4865],[42.4841,42.4782],[42.4768,42.4754],[42.4621,42.4767],[42.4663,42.4689],[42.4628,42.4636],[42.4668,42.4582],[42.4646,42.4544],[42.4653,42.4492],[42.459,42.4456],[42.4487,42.4308],[42.4423,42.4269],[42.4427,42.4198],[42.4509,42.4073],[42.442,42.4048],[42.4362,42.3981],[42.4295,42.3951],[42.4269,42.3899],[42.4098,42.3794],[42.3946,42.3663],[42.3867,42.3569],[42.3872,42.354],[42.3827,42.3522],[42.381,42.3467],[42.3704,42.3371],[42.3662,42.3283],[42.3535,42.3239],[42.3474,42.3092],[42.3479,42.3036],[42.3391,42.2972],[42.3356,42.2899],[42.3256,42.2817],[42.3377,42.2819],[42.3524,42.2779],[42.3532,42.2728],[42.3503,42.2664],[42.3622,42.2638],[42.3625,42.2562],[42.3735,42.2511],[42.4154,42.2483],[42.4333,42.253],[42.4468,42.2533],[42.4537,42.2583],[42.4602,42.2566],[42.4605,42.2528],[42.4661,42.2489],[42.4685,42.2434],[42.487,42.2397],[42.4867,42.236],[42.4955,42.2336],[42.4964,42.2356],[42.4929,42.2362],[42.4931,42.2393],[42.4996,42.2476],[42.4947,42.2494],[42.4947,42.2557],[42.4982,42.2663],[42.5013,42.2686],[42.5006,42.2663],[42.5072,42.2663],[42.5062,42.2764],[42.5012,42.2761],[42.5067,42.2811],[42.5104,42.2795],[42.5068,42.2844],[42.5113,42.2855],[42.5074,42.2866],[42.5091,42.2906],[42.5047,42.2985],[42.5003,42.301],[42.5014,42.3065],[42.5045,42.3071],[42.5057,42.3116],[42.5035,42.315],[42.5098,42.3205],[42.5118,42.327],[42.517,42.3307],[42.5174,42.3323],[42.5131,42.3333],[42.5142,42.3364],[42.5173,42.3384],[42.524,42.3374],[42.5275,42.3424],[42.5346,42.3434],[42.5328,42.346],[42.5352,42.3499],[42.538,42.3501],[42.5352,42.355],[42.539,42.3557],[42.5469,42.3642],[42.5451,42.3675],[42.548,42.3709],[42.5434,42.3795],[42.5406,42.3793],[42.5395,42.376],[42.53,42.3753],[42.5292,42.3823],[42.5343,42.3894],[42.5335,42.4028],[42.5376,42.4065],[42.5407,42.4047],[42.5437,42.4059],[42.5462,42.4103],[42.5527,42.41],[42.5607,42.4134],[42.5628,42.4109],[42.5668,42.4126],[42.5689,42.4109],[42.5739,42.415],[42.5964,42.4155],[42.6027,42.4206],[42.6145,42.4242],[42.6201,42.4445],[42.6282,42.4474],[42.6255,42.4511],[42.6377,42.4584],[42.6399,42.4629],[42.6398,42.4653]]]}},{"type":"Feature","properties":{"id":"GE1535","name":"სულოს","name_en":"Khulo","kind":"municipality"},"geometry":{"type":"Polygon","coordinates":[[[42.4866,41.8028],[42.4769,41.8056],[42.4507,41.8073],[42.4411,41.8115],[42.4374,41.8176],[42.4392,41.824],[42.4363,41.8289],[42.4294,41.8334],[42.4085,41.8336],[42.3937,41.8434],[42.3884,41.8405],[42.3842,41.8411],[42.3725,41.8242],[42.3558,41.8238],[42.3437,41.818],[42.332,41.8193],[42.3204,41.8122],[42.3123,41.8014],[42.3221,41.7957],[42.3229,41.7707],[42.3272,41.7637],[42.3264,41.7594],[42.3313,41.7528],[42.3243,41.7543],[42.3224,41.7516],[42.3107,41.7492],[42.3102,41.7413],[42.3041,41.7422],[42.2934,41.7372],[42.2851,41.7226],[42.2803,41.7199],[42.2785,41.714],[42.2718,41.7115],[42.274,41.7097],[42.2723,41.7056],[42.2623,41.7036],[42.2688,41.6863],[42.2658,41.6825],[42.2685,41.6758],[42.2632,41.6736],[42.2631,41.6679],[42.2561,41.6676],[42.2511,41.6638],[42.2594,41.6505],[42.2605,41.642],[42.2703,41.6363],[42.2682,41.6289],[42.2763,41.6231],[42.2698,41.6216],[42.2694,41.6174],[42.2783,41.606],[42.2881,41.6013],[42.2833,41.6],[42.2789,41.5923],[42.2735,41.5891],[42.3132,41.5758],[42.3178,41.5667],[42.3353,41.5578],[42.3549,41.5524],[42.3577,41.5471],[42.3673,41.5404],[42.3856,41.54],[42.3928,41.5296],[42.4109,41.526],[42.4168,41.528],[42.4235,41.527],[42.4473,41.5126],[42.4463,41.5114],[42.4637,41.4963],[42.4704,41.4972],[42.482,41.4919],[42.5021,41.464],[42.5097,41.461],[42.5183,41.4594],[42.5135,41.4651],[42.5128,41.4725],[42.5261,41.4796],[42.5323,41.4911],[42.5448,41.4929],[42.5492,41.4991],[42.5548,41.4988],[42.5609,41.5071],[42.5728,41.51],[42.5644,41.5256],[42.5807,41.5431],[42.5736,41.558],[42.5763,41.5657],[42.5911,41.5737],[42.6005,41.585],[42.5908,41.5949],[42.5882,41.603],[42.5843,41.6044],[42.5843,41.6099],[42.5781,41.6166],[42.5669,41.6389],[42.5461,41.6537],[42.5289,41.6547],[42.5184,41.6595],[42.5075,41.6945],[42.503,41.7001],[42.4859,41.7076],[42.4998,41.7205],[42.5021,41.726],[42.5079,41.7293],[42.508,41.7381],[42.5149,41.7473],[42.5198,41.7651],[42.5042,41.7792],[42.503,41.7852],[42.4878,41.8012],[42.4866,41.8028]]]}},{"type":"Feature","properties":{"id":"GE1525","name":"ქობულეთის","name_en":"Kobuleti","kind":"municipality"},"geometry":{"type":"Polygon","coordinates":[[[41.7685,41.9119],[41.7776,41.8594],[41.7724,41.8158],[41.7548,41.7714],[41.7481,41.762],[41.742,41.7584],[41.7219,41.714],[41.7287,41.717],[41.7379,41.7168],[41.7413,41.7146],[41.7457,41.7159],[41.7383,41.7121],[41.736,41.7035],[41.7217,41.6916],[41.7216,41.6876],[41.7276,41.6846],[41.7302,41.6719],[41.7352,41.6704],[41.7338,41.6642],[41.7358,41.663],[41.7328,41.6605],[41.7379,41.6602],[41.7397,41.6625],[41.7433,41.6595],[41.7436,41.6549],[41.7585,41.6557],[41.7633,41.6517],[41.7862,41.6487],[41.8017,41.6537],[41.8089,41.6535],[41.8123,41.6494],[41.8064,41.6374],[41.808,41.632],[41.8169,41.6297],[41.8211,41.6235],[41.8179,41.6112],[41.8387,41.6078],[41.8476,41.6107],[41.8534,41.6196],[41.877,41.6351],[41.8842,41.6347],[41.8897,41.6401],[41.898,41.6367],[41.9105,41.6417],[41.9257,41.644],[41.9454,41.6539],[41.9511,41.6668],[41.9554,41.671],[41.9583,41.6853],[41.9641,41.6962],[41.9712,41.6991],[41.9903,41.6956],[42.0343,41.6974],[42.0697,41.6922],[42.107,41.6912],[42.1088,41.6966],[42.1309,41.7036],[42.1347,41.7114],[42.1407,41.7163],[42.1377,41.7199],[42.1468,41.7269],[42.1508,41.7364],[42.1404,41.7468],[42.1479,41.7605],[42.1617,41.766],[42.1757,41.7621],[42.1922,41.7634],[42.2098,41.7763],[42.2152,41.786],[42.2163,41.7969],[42.2108,41.804],[42.2032,41.8076],[42.1898,41.8203],[42.1767,41.8173],[42.1625,41.818],[42.1495,41.8101],[42.1391,41.8196],[42.1239,41.8219],[42.1181,41.8253],[42.0861,41.7997],[42.0786,41.7968],[42.083,41.8037],[42.081,41.8071],[42.0756,41.8082],[42.0733,41.8182],[42.064,41.8226],[42.0519,41.8218],[42.0398,41.8246],[42.0252,41.8374],[42.0114,41.8447],[41.9833,41.8439],[41.9637,41.8521],[41.9614,41.8613],[41.9633,41.8648],[41.9598,41.8681],[41.9629,41.8788],[41.9614,41.8814],[41.9582,41.8854],[41.9467,41.8893],[41.9438,41.8937],[41.9363,41.8967],[41.9214,41.8973],[41.9213,41.9019],[41.9184,41.8998],[41.9112,41.9002],[41.911,41.897],[41.9055,41.8933],[41.9082,41.8925],[41.901,41.888],[41.8866,41.8886],[41.8802,41.8853],[41.8603,41.8929],[41.849,41.893],[41.8358,41.8993],[41.8217,41.8908],[41.8154,41.8992],[41.7975,41.8939],[41.778,41.8957],[41.778,41.8978],[41.7725,41.9011],[41.7685,41.9119]]]}},{"type":"Feature","properties":{"id":"GE2611","name":"ქ. ქუთაისი","name_en":"Kutaisi","kind":"city"},"geometry":{"type":"Polygon","coordinates":[[[42.7261,42.3],[42.7173,42.3145],[42.7123,42.3173],[42.7106,42.3211],[42.7067,42.3218],[42.7029,42.32],[42.7079,42.3078],[42.7137,42.3035],[42.7138,42.2963],[42.7229,42.2922],[42.7209,42.2866],[42.7176,42.286],[42.714,42.29],[42.7067,42.2884],[42.7061,42.2854],[42.6921,42.2859],[42.6852,42.28],[42.6816,42.2811],[42.6775,42.2751],[42.67,42.2741],[42.6631,42.2694],[42.6535,42.2699],[42.65,42.2668],[42.6409,42.2677],[42.634,42.2634],[42.6055,42.2709],[42.6054,42.2647],[42.6041,42.2618],[42.6006,42.2615],[42.5986,42.2555],[42.6033,42.2551],[42.6131,42.2463],[42.6264,42.2442],[42.6375,42.2462],[42.6377,42.2526],[42.641,42.2527],[42.6449,42.2478],[42.6596,42.255],[42.6615,42.2513],[42.6586,42.2514],[42.6559,42.2478],[42.6623,42.2409],[42.654,42.2375],[42.657,42.2338],[42.6622,42.2335],[42.6637,42.2312],[42.6613,42.2278],[42.6659,42.2275],[42.6641,42.2249],[42.6696,42.2225],[42.6765,42.2286],[42.6888,42.2265],[42.6885,42.2183],[42.6951,42.2175],[42.6907,42.2081],[42.6949,42.2007],[42.7166,42.1968],[42.7324,42.2002],[42.7328,42.2031],[42.7225,42.2076],[42.7186,42.2118],[42.7186,42.2154],[42.7223,42.2181],[42.7172,42.2191],[42.7218,42.2284],[42.7268,42.2314],[42.7208,42.2381],[42.7244,42.2385],[42.727,42.2434],[42.7227,42.2509],[42.7305,42.2543],[42.7269,42.2584],[42.728,42.2644],[42.7348,42.2701],[42.7339,42.2723],[42.7378,42.271],[42.7389,42.281],[42.736,42.2856],[42.7361,42.2944],[42.7293,42.2963],[42.7261,42.3]]]}},{"type":"Feature","properties":{"id":"GE2938","name":"ყვარლის","name_en":"Kvareli","kind":"municipality"},"geometry":{"type":"Polygon","coordinates":[[[46.1101,41.9864],[46.1072,41.986],[46.1041,41.9904],[46.0955,41.9945],[46.0937,42.0003],[46.087,42.0051],[46.0849,42.0281],[46.0752,42.0404],[46.0608,42.0282],[46.0531,42.0266],[46.0496,42.0212],[46.0417,42.0194],[46.0349,42.0239],[46.0253,42.026],[46.0229,42.0411],[46.0039,42.0371],[45.9869,42.0453],[45.9761,42.0386],[45.9659,42.0272],[45.9549,42.0239],[45.945,42.0299],[45.9444,42.036],[45.9288,42.0315],[45.9349,42.0412],[45.9324,42.0528],[45.9293,42.0566],[45.9137,42.0644],[45.9143,42.072],[45.9224,42.0808],[45.9152,42.0878],[45.9146,42.0949],[45.9053,42.0982],[45.898,42.1061],[45.8801,42.104],[45.8716,42.1092],[45.8574,42.1128],[45.8554,42.1157],[45.8503,42.1109],[45.8426,42.1092],[45.8347,42.1106],[45.8235,42.106],[45.8052,42.1161],[45.788,42.1017],[45.7707,42.1171],[45.7707,42.1271],[45.7503,42.1273],[45.7454,42.1313],[45.741,42.1312],[45.7307,42.1196],[45.7269,42.1114],[45.7186,42.1039],[45.7056,42.0991],[45.6897,42.0745],[45.6323,42.0515],[45.6082,42.0481],[45.6014,42.0583],[45.5903,42.0595],[45.5853,42.0565],[45.586,42.0597],[45.5806,42.0585],[45.5677,42.0614],[45.5647,42.0605],[45.57,42.0544],[45.5653,42.0533],[45.5666,42.0466],[45.5698,42.0437],[45.5681,42.0427],[45.5594,42.0469],[45.5546,42.0535],[45.545,42.0552],[45.5382,42.0611],[45.5322,42.0629],[45.5287,42.0628],[45.5282,42.0578],[45.5244,42.0577],[45.5269,42.0567],[45.5265,42.0544],[45.5208,42.0574],[45.5171,42.0545],[45.5155,42.0491],[45.5247,42.0512],[45.5246,42.0476],[45.5282,42.0504],[45.5306,42.0456],[45.5329,42.0511],[45.5371,42.0501],[45.5445,42.0441],[45.5435,42.0426],[45.5475,42.0425],[45.5457,42.0398],[45.5519,42.0388],[45.5496,42.032],[45.5417,42.0287],[45.5442,42.024],[45.5496,42.0238],[45.5548,42.0295],[45.5584,42.0252],[45.5484,42.0121],[45.5557,41.999],[45.5707,41.9986],[45.5733,41.9937],[45.5848,41.9848],[45.5977,41.9825],[45.606,41.9737],[45.6165,41.974],[45.6296,41.9593],[45.6449,41.9577],[45.6425,41.954],[45.6448,41.9469],[45.6626,41.9442],[45.6918,41.9282],[45.6945,41.9234],[45.7031,41.9225],[45.7067,41.9143],[45.7284,41.9031],[45.7304,41.8968],[45.7603,41.888],[45.7574,41.881],[45.7709,41.8755],[45.7854,41.8771],[45.7855,41.8718],[45.7984,41.8677],[45.8145,41.8485],[45.8413,41.8357],[45.844,41.831],[45.8551,41.8339],[45.8616,41.8305],[45.889,41.8287],[45.8986,41.8256],[45.8958,41.8198],[45.8988,41.8157],[45.8988,41.8097],[45.9018,41.8056],[45.9076,41.8034],[45.9186,41.8053],[45.9217,41.8091],[45.9267,41.8084],[45.9384,41.8134],[45.9415,41.8174],[45.9532,41.8197],[45.9726,41.834],[45.9785,41.8342],[45.9883,41.8398],[45.9908,41.8437],[45.9933,41.8428],[46.0138,41.8543],[46.0231,41.8506],[46.0293,41.8531],[46.0546,41.8457],[46.0572,41.8475],[46.0738,41.8461],[46.0752,41.8521],[46.0856,41.8602],[46.0825,41.865],[46.0841,41.8673],[46.0814,41.881],[46.0824,41.8906],[46.0956,41.9076],[46.1048,41.9103],[46.1095,41.915],[46.1153,41.9308],[46.1218,41.9348],[46.122,41.9465],[46.1185,41.9534],[46.1022,41.968],[46.1014,41.9756],[46.1089,41.9837],[46.1101,41.9864]]]}},{"type":"Feature","properties":{"id":"GE2932","name":"ლაგოდეხის","name_en":"Lagodekhi","kind":"municipality"},"geometry":{"type":"Polygon","coordinates":[[[46.1959,41.6334],[46.2005,41.6419],[46.1934,41.6437],[46.1972,41.647],[46.1949,41.6492],[46.2037,41.6506],[46.2055,41.6554],[46.2041,41.6576],[46.2085,41.6606],[46.2081,41.663],[46.2023,41.6643],[46.1981,41.6701],[46.199,41.673],[46.1954,41.6732],[46.1906,41.6782],[46.1867,41.6879],[46.189,41.6904],[46.1878,41.6957],[46.1821,41.7004],[46.1845,41.702],[46.1849,41.7087],[46.1809,41.7087],[46.1781,41.7128],[46.1823,41.7232],[46.1808,41.7271],[46.183,41.7395],[46.199,41.75],[46.2018,41.7584],[46.2008,41.7686],[46.203,41.772],[46.2048,41.7727],[46.2177,41.7627],[46.2337,41.7584],[46.2477,41.7648],[46.2522,41.77],[46.3043,41.7758],[46.3095,41.7899],[46.3284,41.7997],[46.3339,41.8065],[46.3522,41.8189],[46.3758,41.828],[46.3816,41.834],[46.4014,41.8457],[46.4048,41.86],[46.4159,41.8697],[46.4179,41.875],[46.4101,41.8869],[46.4107,41.8913],[46.4205,41.9014],[46.4268,41.9126],[46.4136,41.9218],[46.4057,41.9216],[46.4005,41.9404],[46.3929,41.9374],[46.381,41.9378],[46.3744,41.9346],[46.3596,41.9326],[46.3567,41.9396],[46.3401,41.9459],[46.3321,41.943],[46.3315,41.9357],[46.3259,41.9344],[46.3212,41.9291],[46.3126,41.9361],[46.283,41.9457],[46.2852,41.9515],[46.2779,41.9641],[46.2685,41.9707],[46.2638,41.9822],[46.2461,41.9821],[46.2509,41.9944],[46.2593,41.9976],[46.2596,42.003],[46.2559,42.0057],[46.2234,42.0149],[46.2194,42.0096],[46.1988,42.0049],[46.1933,41.9992],[46.1751,41.9982],[46.1683,41.9922],[46.1602,41.9906],[46.1534,41.9919],[46.1513,41.9947],[46.1518,42.0061],[46.1485,42.0109],[46.1427,42.0077],[46.1352,42.0081],[46.1178,41.9985],[46.1148,41.9957],[46.1162,41.9914],[46.1014,41.9756],[46.1022,41.968],[46.1185,41.9534],[46.122,41.9465],[46.1218,41.9348],[46.1153,41.9308],[46.1095,41.915],[46.1048,41.9103],[46.0956,41.9076],[46.0824,41.8906],[46.0814,41.881],[46.0841,41.8673],[46.0825,41.865],[46.0856,41.8602],[46.0752,41.8521],[46.0738,41.8461],[46.0572,41.8475],[46.0546,41.8457],[46.0293,41.8531],[46.0231,41.8506],[46.0138,41.8543],[45.9933,41.8428],[45.9908,41.8437],[45.9883,41.8398],[45.9785,41.8342],[45.9726,41.834],[45.9532,41.8197],[45.9415,41.8174],[45.9384,41.8134],[45.9267,41.8084],[45.9217,41.8091],[45.9186,41.8053],[45.9094,41.8033],[45.9043,41.805],[45.9049,41.8018],[45.9163,41.7993],[45.9219,41.7935],[45.9219,41.7904],[45.9142,41.7886],[45.9145,41.7864],[45.9255,41.7873],[45.9196,41.7789],[45.9119,41.7825],[45.9151,41.7776],[45.9139,41.7731],[45.9063,41.7719],[45.9204,41.7658],[45.9167,41.7603],[45.9118,41.7581],[45.9164,41.7548],[45.9114,41.7536],[45.9112,41.7503],[45.9172,41.7507],[45.917,41.747],[45.9207,41.7452],[45.9256,41.7481],[45.9214,41.7432],[45.9227,41.7401],[45.9297,41.7421],[45.9363,41.7478],[45.9379,41.746],[45.9353,41.7416],[45.939,41.7401],[45.9432,41.7432],[45.9454,41.7487],[45.9581,41.7395],[45.9602,41.7404],[45.9593,41.7443],[45.9619,41.7441],[45.9619,41.7386],[45.9566,41.7349],[45.9646,41.7355],[45.9656,41.7317],[45.9562,41.7274],[45.9626,41.7237],[45.9758,41.7256],[45.9718,41.7211],[45.9708,41.715],[45.9763,41.7141],[45.9782,41.7058],[45.9836,41.7009],[46.013,41.6962],[46.0153,41.6937],[46.022,41.6963],[46.0196,41.6902],[46.03,41.6871],[46.0322,41.6832],[46.0406,41.6802],[46.0438,41.6818],[46.0448,41.6878],[46.0497,41.6881],[46.0511,41.6805],[46.0608,41.6826],[46.0507,41.6773],[46.0499,41.6732],[46.0524,41.6694],[46.0617,41.6757],[46.074,41.6744],[46.0782,41.6805],[46.08,41.6793],[46.0786,41.6758],[46.0846,41.674],[46.0809,41.6645],[46.0828,41.6614],[46.0983,41.6587],[46.1048,41.6642],[46.109,41.6607],[46.1141,41.6646],[46.1173,41.6643],[46.1174,41.6596],[46.1248,41.6588],[46.1211,41.6542],[46.1227,41.6491],[46.1261,41.6473],[46.1316,41.6485],[46.1313,41.6428],[46.1241,41.6399],[46.1261,41.6372],[46.1331,41.638],[46.1396,41.6429],[46.1516,41.6462],[46.1356,41.6344],[46.1356,41.6312],[46.1388,41.6287],[46.144,41.6296],[46.15,41.635],[46.1587,41.6352],[46.1606,41.6315],[46.1646,41.6301],[46.1699,41.6359],[46.173,41.6327],[46.1855,41.6347],[46.1868,41.6329],[46.1844,41.6282],[46.1883,41.6266],[46.1921,41.6293],[46.1919,41.6345],[46.1958,41.6335],[46.1959,41.6334]]]}},{"type":"Feature","properties":{"id":"GE2323","name":"ლანჩხუთის","name_en":"Lanchkhuti","kind":"municipality"},"geometry":{"type":"Polygon","coordinates":[[[42.0222,42.1637],[42.0155,42.1619],[42.0003,42.1664],[41.9844,42.1604],[41.9736,42.1606],[41.9702,42.1572],[41.9603,42.1598],[41.9572,42.1636],[41.9504,42.1637],[41.9459,42.1694],[41.9408,42.1696],[41.9282,42.1667],[41.9224,42.1536],[41.9112,42.1526],[41.9043,42.1491],[41.897,42.1503],[41.8849,42.1446],[41.8744,42.1434],[41.8593,42.1469],[41.8548,42.144],[41.8385,42.1423],[41.8308,42.1386],[41.8202,42.1407],[41.8153,42.1376],[41.8105,42.1425],[41.8021,42.1416],[41.7975,42.1453],[41.7859,42.1442],[41.7816,42.146],[41.7751,42.1385],[41.7539,42.1366],[41.7169,42.1019],[41.7097,42.1016],[41.7108,42.0977],[41.7062,42.0944],[41.7196,42.069],[41.7148,42.0705],[41.7383,42.0345],[41.7532,42.0194],[41.7549,42.0122],[41.759,42.0127],[41.7585,42.0225],[41.7623,42.0231],[41.7698,42.0159],[41.771,42.0032],[41.7783,42.0006],[41.7807,42.0033],[41.7882,42.004],[41.7914,42.0019],[41.7966,42.01],[41.808,42.0087],[41.8186,42.0149],[41.8227,42.0152],[41.826,42.0115],[41.8329,42.0153],[41.838,42.0117],[41.8514,42.0086],[41.8453,42.0036],[41.847,42.0008],[41.8523,42.0006],[41.8596,42.0041],[41.8598,42.0082],[41.8653,42.0127],[41.8702,42.0079],[41.8783,42.0066],[41.8806,41.9992],[41.8947,41.9974],[41.8944,41.9941],[41.8975,41.9927],[41.9049,41.996],[41.9033,41.9992],[41.9104,41.9948],[41.9185,41.9975],[41.9271,42.0119],[41.9434,42.0112],[41.944,42.0141],[41.9502,42.0157],[41.9473,42.0243],[41.9639,42.0303],[41.9687,42.043],[41.9794,42.0451],[41.9897,42.042],[41.992,42.0444],[41.9982,42.0412],[42.0015,42.0348],[41.9954,42.0314],[41.9953,42.027],[41.999,42.021],[41.9938,42.018],[41.9988,42.0123],[42.0067,42.0133],[42.0151,42.006],[42.0155,42.0011],[42.0128,41.9996],[42.015,41.9914],[42.014,41.9829],[42.024,41.9824],[42.0245,41.9897],[42.0309,41.9884],[42.0335,41.9964],[42.0363,41.9971],[42.0401,42.0044],[42.0539,42.006],[42.0515,42.0121],[42.0483,42.0122],[42.0523,42.0139],[42.0526,42.019],[42.0483,42.0208],[42.0473,42.024],[42.0526,42.0294],[42.0599,42.0304],[42.0704,42.0263],[42.0703,42.0223],[42.0671,42.0191],[42.078,42.0111],[42.0796,42.0017],[42.0944,41.998],[42.1035,42.0031],[42.1042,42.0114],[42.1126,42.0129],[42.1174,42.0096],[42.1321,42.0157],[42.1216,42.0201],[42.1247,42.0216],[42.1229,42.025],[42.1258,42.0271],[42.125,42.0373],[42.129,42.0448],[42.1334,42.0478],[42.1302,42.0508],[42.13,42.0547],[42.1372,42.059],[42.14,42.0676],[42.1456,42.0644],[42.153,42.0673],[42.1664,42.0682],[42.1703,42.0704],[42.1741,42.0771],[42.1858,42.0702],[42.191,42.075],[42.2,42.0725],[42.2073,42.0732],[42.209,42.0721],[42.2076,42.0688],[42.2016,42.0694],[42.2011,42.0677],[42.2066,42.0633],[42.2138,42.0638],[42.2122,42.0618],[42.2193,42.0578],[42.2192,42.071],[42.2267,42.0767],[42.216,42.0863],[42.2156,42.093],[42.2271,42.0999],[42.226,42.1147],[42.2206,42.1153],[42.2223,42.1212],[42.2164,42.1224],[42.2079,42.1149],[42.194,42.1177],[42.1891,42.1152],[42.1851,42.1177],[42.1865,42.1153],[42.173,42.1156],[42.1723,42.1176],[42.1671,42.1173],[42.1664,42.1199],[42.1568,42.1162],[42.1308,42.116],[42.132,42.1298],[42.1277,42.1309],[42.126,42.1348],[42.118,42.136],[42.1143,42.1421],[42.0991,42.1393],[42.0864,42.1418],[42.0725,42.139],[42.076,42.1444],[42.0677,42.1449],[42.0688,42.1466],[42.0667,42.1467],[42.077,42.1607],[42.0596,42.16],[42.0565,42.1656],[42.0373,42.1613],[42.0225,42.1638],[42.0222,42.1637]]]}},{"type":"Feature","properties":{"id":"GE3526","name":"ლენტეხის","name_en":"Lentekhi","kind":"municipality"},"geometry":{"type":"Polygon","coordinates":[[[43.1485,42.9689],[43.1432,42.9622],[43.1419,42.9564],[43.1175,42.9446],[43.1112,42.9458],[43.1072,42.9415],[43.0912,42.9347],[43.0888,42.9308],[43.0949,42.9231],[43.093,42.9124],[43.0989,42.9072],[43.0984,42.9005],[43.0889,42.8955],[43.0839,42.883],[43.0709,42.867],[43.0581,42.8624],[43.0484,42.8748],[43.0548,42.8844],[43.0541,42.8872],[43.0394,42.8974],[43.0153,42.8891],[42.996,42.891],[42.9755,42.8878],[42.9625,42.8829],[42.9281,42.8823],[42.9155,42.8791],[42.9062,42.8916],[42.8905,42.8978],[42.8748,42.9],[42.8649,42.907],[42.8379,42.9059],[42.8287,42.9091],[42.8221,42.9161],[42.7968,42.9181],[42.7905,42.9148],[42.7838,42.9064],[42.7636,42.8896],[42.755,42.89],[42.7521,42.8957],[42.7439,42.8978],[42.7296,42.8949],[42.7222,42.8967],[42.7158,42.8916],[42.7033,42.8879],[42.6571,42.9059],[42.6456,42.9065],[42.6387,42.9122],[42.6197,42.9133],[42.5975,42.907],[42.5696,42.9092],[42.5571,42.9148],[42.5555,42.9208],[42.5287,42.9185],[42.5183,42.9221],[42.5003,42.9352],[42.4829,42.9334],[42.4732,42.922],[42.4722,42.9162],[42.4778,42.8975],[42.486,42.8897],[42.4863,42.8804],[42.4793,42.8806],[42.4693,42.8859],[42.4523,42.8817],[42.42,42.8816],[42.3946,42.8859],[42.3814,42.867],[42.366,42.8557],[42.3638,42.8426],[42.3557,42.8261],[42.3685,42.8228],[42.374,42.8238],[42.3761,42.8174],[42.3816,42.814],[42.3856,42.808],[42.3853,42.7955],[42.3875,42.7916],[42.4043,42.7797],[42.398,42.7694],[42.3985,42.7666],[42.4123,42.7627],[42.4314,42.7709],[42.4357,42.7802],[42.4426,42.777],[42.4456,42.7729],[42.4701,42.7646],[42.4738,42.7674],[42.4841,42.7662],[42.5266,42.7507],[42.5258,42.7472],[42.5334,42.744],[42.5412,42.7359],[42.5553,42.7328],[42.5737,42.7139],[42.5758,42.7092],[42.5744,42.7033],[42.5957,42.6902],[42.6023,42.6913],[42.6101,42.7071],[42.6134,42.709],[42.6254,42.7062],[42.6486,42.7073],[42.6655,42.7018],[42.6923,42.7086],[42.7013,42.7039],[42.7046,42.6957],[42.721,42.6887],[42.7385,42.6684],[42.7505,42.6684],[42.7529,42.665],[42.7601,42.6626],[42.7693,42.6647],[42.7708,42.6712],[42.7679,42.677],[42.7957,42.6961],[42.8082,42.6978],[42.8152,42.7017],[42.839,42.6987],[42.8415,42.7104],[42.84,42.7151],[42.8474,42.7195],[42.8626,42.7206],[42.8678,42.7265],[42.8814,42.735],[42.8934,42.7522],[42.8968,42.7613],[42.9138,42.7669],[42.924,42.7664],[42.9448,42.7702],[42.9721,42.7592],[43.0051,42.7558],[43.0283,42.7445],[43.0511,42.7455],[43.061,42.7434],[43.1012,42.727],[43.1013,42.7196],[43.1117,42.7169],[43.1191,42.7097],[43.129,42.7114],[43.1444,42.7021],[43.1586,42.7047],[43.1649,42.7151],[43.1701,42.7185],[43.1572,42.7346],[43.1613,42.7391],[43.168,42.7415],[43.1701,42.7484],[43.181,42.7634],[43.179,42.7691],[43.1844,42.776],[43.1907,42.7799],[43.1981,42.7804],[43.2154,42.7763],[43.2305,42.7776],[43.2507,42.7882],[43.2564,42.7798],[43.2628,42.7833],[43.2724,42.795],[43.29,42.803],[43.2971,42.8088],[43.3009,42.819],[43.3097,42.8259],[43.3111,42.8337],[43.3158,42.8387],[43.3247,42.8416],[43.33,42.8461],[43.3306,42.8495],[43.3245,42.8575],[43.3246,42.8603],[43.3154,42.8678],[43.3196,42.872],[43.3225,42.8802],[43.3288,42.8845],[43.336,42.8946],[43.3286,42.9062],[43.3182,42.9145],[43.2999,42.9073],[43.2904,42.9185],[43.2825,42.9205],[43.2404,42.9231],[43.2334,42.9274],[43.233,42.9306],[43.2282,42.932],[43.2051,42.9306],[43.1838,42.9396],[43.1854,42.9464],[43.1794,42.9529],[43.1793,42.957],[43.171,42.9648],[43.1528,42.9676],[43.1485,42.9689]]]}},{"type":"Feature","properties":{"id":"GE4432","name":"მარნეულის","name_en":"Marneuli","kind":"municipality"},"geometry":{"type":"Polygon","coordinates":[[[44.8956,41.5566],[44.8779,41.556],[44.8501,41.5396],[44.828,41.5414],[44.825,41.5369],[44.8039,41.5468],[44.7874,41.5294],[44.7909,41.5195],[44.7837,41.524],[44.779,41.5236],[44.7687,41.5152],[44.7499,41.5214],[44.7426,41.5098],[44.7316,41.5078],[44.7287,41.5047],[44.7216,41.5059],[44.7284,41.5002],[44.7267,41.4992],[44.7284,41.4887],[44.7421,41.4794],[44.7536,41.4522],[44.752,41.4478],[44.742,41.4463],[44.7361,41.4417],[44.7273,41.4438],[44.7222,41.4402],[44.723,41.4364],[44.7291,41.4358],[44.7357,41.4305],[44.7422,41.4318],[44.764,41.4236],[44.7726,41.4252],[44.778,41.4237],[44.7811,41.419],[44.7797,41.4174],[44.7874,41.4123],[44.7864,41.4083],[44.7738,41.4101],[44.7603,41.4182],[44.7381,41.4046],[44.7418,41.398],[44.7409,41.394],[44.7319,41.3905],[44.7361,41.3897],[44.7335,41.3835],[44.7379,41.3834],[44.7361,41.3753],[44.7378,41.3748],[44.7197,41.3626],[44.7162,41.3529],[44.713,41.3508],[44.7052,41.3513],[44.6924,41.3415],[44.6823,41.3375],[44.6907,41.3253],[44.6806,41.3151],[44.6782,41.3065],[44.6738,41.3026],[44.6595,41.3058],[44.6549,41.3117],[44.6576,41.3281],[44.6609,41.3341],[44.6693,41.3404],[44.6672,41.3461],[44.6494,41.3506],[44.6416,41.3466],[44.6393,41.3326],[44.6304,41.3247],[44.6267,41.3257],[44.624,41.3324],[44.6253,41.3375],[44.6186,41.3426],[44.6142,41.342],[44.6132,41.3386],[44.6172,41.3368],[44.6132,41.3332],[44.6154,41.3316],[44.6141,41.3265],[44.6082,41.3338],[44.6091,41.3278],[44.6071,41.3232],[44.6116,41.3155],[44.6142,41.3157],[44.6148,41.3114],[44.6091,41.3107],[44.6118,41.3143],[44.6085,41.315],[44.6022,41.3323],[44.5999,41.3317],[44.6021,41.325],[44.5938,41.3161],[44.5914,41.3061],[44.5866,41.3013],[44.5788,41.3],[44.5766,41.2902],[44.5799,41.2852],[44.5765,41.2784],[44.5554,41.2653],[44.5397,41.2682],[44.5292,41.2666],[44.5216,41.255],[44.5214,41.2463],[44.531,41.2289],[44.5386,41.2246],[44.5492,41.2277],[44.5495,41.2259],[44.5456,41.2255],[44.5478,41.2227],[44.5413,41.2223],[44.5396,41.2175],[44.5372,41.2172],[44.5405,41.2153],[44.5377,41.2132],[44.5438,41.212],[44.5418,41.2072],[44.5436,41.2067],[44.5314,41.2022],[44.5332,41.2016],[44.5318,41.2],[44.536,41.1994],[44.5325,41.1976],[44.5458,41.1952],[44.5433,41.1926],[44.5449,41.1899],[44.5585,41.204],[44.5712,41.1929],[44.5701,41.1974],[44.5648,41.2013],[44.5673,41.207],[44.5699,41.208],[44.5755,41.2045],[44.5746,41.2078],[44.5791,41.2064],[44.5742,41.21],[44.5775,41.2124],[44.5818,41.2126],[44.5832,41.2089],[44.5831,41.211],[44.5875,41.2124],[44.598,41.2132],[44.5842,41.2061],[44.5839,41.1954],[44.5897,41.1977],[44.5895,41.1939],[44.5922,41.1965],[44.5906,41.1926],[44.5926,41.1902],[44.5951,41.1921],[44.6004,41.211],[44.6078,41.2201],[44.6053,41.233],[44.6162,41.2411],[44.6474,41.2333],[44.6573,41.2341],[44.6638,41.2381],[44.674,41.2361],[44.6873,41.2409],[44.6772,41.2287],[44.6763,41.2252],[44.6795,41.2183],[44.6985,41.218],[44.6941,41.2158],[44.6995,41.2155],[44.7002,41.2133],[44.7021,41.2189],[44.705,41.2196],[44.7065,41.2175],[44.7093,41.2204],[44.7119,41.2194],[44.7116,41.2158],[44.716,41.2235],[44.7273,41.2263],[44.7279,41.2196],[44.722,41.2154],[44.726,41.2138],[44.7245,41.2067],[44.7275,41.2036],[44.7339,41.2046],[44.7401,41.2143],[44.7439,41.2141],[44.7463,41.211],[44.748,41.2197],[44.7645,41.2216],[44.7681,41.2182],[44.7789,41.2186],[44.784,41.2221],[44.792,41.2195],[44.7939,41.2217],[44.7906,41.2271],[44.7969,41.2282],[44.8021,41.2241],[44.8052,41.2138],[44.8108,41.2171],[44.8172,41.2131],[44.8258,41.216],[44.8331,41.2134],[44.8359,41.2162],[44.8455,41.2135],[44.8468,41.2098],[44.8694,41.2036],[44.8836,41.2033],[44.8967,41.2106],[44.9017,41.2103],[44.8933,41.2167],[44.892,41.2216],[44.8677,41.2179],[44.8636,41.2241],[44.8551,41.2239],[44.8541,41.2284],[44.8508,41.2297],[44.829,41.2295],[44.8139,41.2378],[44.8125,41.2451],[44.8034,41.2525],[44.8023,41.2617],[44.8076,41.2655],[44.8089,41.2723],[44.807,41.274],[44.8089,41.2797],[44.8059,41.2892],[44.8178,41.3011],[44.8254,41.3016],[44.8354,41.2925],[44.8376,41.2928],[44.8422,41.2865],[44.8391,41.2799],[44.8407,41.274],[44.8711,41.2766],[44.8872,41.268],[44.8906,41.2691],[44.8924,41.2731],[44.8979,41.2748],[44.9032,41.2725],[44.9019,41.2673],[44.9058,41.2645],[44.9051,41.2613],[44.9075,41.2617],[44.9117,41.2575],[44.9296,41.2581],[44.9312,41.2552],[44.9344,41.2552],[44.9473,41.2582],[44.9577,41.2542],[44.9636,41.2573],[44.9607,41.2587],[44.9667,41.2674],[44.9756,41.2718],[44.9774,41.281],[44.9923,41.2845],[45.0026,41.294],[45.0164,41.2972],[45.0254,41.3067],[45.0412,41.3094],[45.0663,41.3205],[45.064,41.3256],[45.0659,41.3247],[45.0669,41.3286],[45.0848,41.3329],[45.1018,41.3281],[45.1041,41.3295],[45.1042,41.3326],[45.1066,41.3329],[45.1007,41.3351],[45.0954,41.344],[45.093,41.3446],[45.0926,41.3512],[45.0849,41.3573],[45.0797,41.3583],[45.0779,41.3663],[45.0655,41.3733],[45.0586,41.3746],[45.0539,41.3811],[45.0591,41.3952],[45.0569,41.4071],[45.0518,41.4139],[45.0551,41.4243],[45.0415,41.4332],[45.0263,41.4395],[45.0163,41.4487],[45.0138,41.4544],[45.0193,41.4614],[45.0177,41.469],[45.0269,41.487],[45.026,41.4983],[45.0162,41.5102],[45.0007,41.5183],[44.9957,41.5249],[44.9962,41.529],[44.9848,41.53],[44.9734,41.5341],[44.9677,41.5441],[44.9323,41.5546],[44.8956,41.5565],[44.8956,41.5566]]]}},{"type":"Feature","properties":{"id":"GE3828","name":"მარტვილის","name_en":"Martvili","kind":"municipality"},"geometry":{"type":"Polygon","coordinates":[[[42.5744,42.7033],[42.5758,42.7092],[42.5698,42.7193],[42.5553,42.7328],[42.5412,42.7359],[42.5334,42.744],[42.5258,42.7472],[42.5266,42.7507],[42.4841,42.7662],[42.4738,42.7674],[42.4701,42.7646],[42.4456,42.7729],[42.4426,42.777],[42.4357,42.7802],[42.4314,42.7709],[42.4123,42.7627],[42.425,42.7545],[42.424,42.7483],[42.3919,42.7269],[42.3876,42.7217],[42.3881,42.7186],[42.3944,42.717],[42.397,42.7137],[42.394,42.7066],[42.3592,42.6803],[42.3451,42.6726],[42.345,42.6672],[42.3623,42.6575],[42.3631,42.6519],[42.3576,42.6507],[42.3479,42.6362],[42.3165,42.6253],[42.3092,42.6184],[42.2906,42.6083],[42.2798,42.6083],[42.2711,42.5923],[42.2619,42.5943],[42.2532,42.5906],[42.2553,42.5814],[42.246,42.576],[42.2499,42.5715],[42.2583,42.57],[42.2583,42.5651],[42.261,42.5632],[42.258,42.5627],[42.2614,42.5547],[42.2526,42.5512],[42.2542,42.5471],[42.2518,42.5443],[42.2319,42.5332],[42.2268,42.5263],[42.2239,42.5167],[42.2168,42.514],[42.2192,42.5114],[42.2276,42.5104],[42.2305,42.5073],[42.2384,42.5094],[42.2394,42.5065],[42.2347,42.5014],[42.2252,42.4986],[42.2106,42.4893],[42.1983,42.4742],[42.1883,42.4691],[42.19,42.4678],[42.1869,42.466],[42.1851,42.4609],[42.1722,42.452],[42.1787,42.4458],[42.1858,42.453],[42.188,42.4496],[42.1862,42.4469],[42.1887,42.4453],[42.1914,42.4451],[42.1926,42.4478],[42.1961,42.4462],[42.2108,42.4498],[42.223,42.4434],[42.2275,42.4447],[42.2309,42.4403],[42.2287,42.4348],[42.2257,42.4345],[42.222,42.4297],[42.2239,42.4282],[42.2351,42.431],[42.244,42.429],[42.2478,42.4255],[42.2557,42.4279],[42.256,42.4305],[42.2603,42.4307],[42.2628,42.4335],[42.2692,42.4264],[42.2566,42.4213],[42.2601,42.4205],[42.2625,42.4107],[42.2575,42.4082],[42.2578,42.4037],[42.254,42.3995],[42.2487,42.3999],[42.247,42.3967],[42.2439,42.3966],[42.2473,42.3938],[42.2263,42.3831],[42.223,42.3831],[42.2196,42.3874],[42.216,42.3828],[42.2308,42.3754],[42.2325,42.3714],[42.2399,42.3681],[42.2506,42.3553],[42.2359,42.3487],[42.237,42.3428],[42.2321,42.3396],[42.2286,42.3221],[42.2276,42.3268],[42.2187,42.3254],[42.2182,42.3173],[42.2251,42.3173],[42.2248,42.3117],[42.2282,42.3114],[42.2276,42.3023],[42.2329,42.2997],[42.2313,42.2967],[42.2571,42.2982],[42.2715,42.2932],[42.2702,42.29],[42.2741,42.2895],[42.2759,42.2836],[42.2803,42.2877],[42.2937,42.2902],[42.2925,42.2913],[42.2967,42.294],[42.2974,42.2986],[42.3012,42.2973],[42.308,42.3038],[42.3178,42.3081],[42.3241,42.308],[42.3252,42.3042],[42.3284,42.3041],[42.3372,42.3088],[42.3476,42.3097],[42.3535,42.3239],[42.3662,42.3283],[42.3704,42.3371],[42.381,42.3467],[42.3827,42.3522],[42.3872,42.354],[42.3867,42.3569],[42.3946,42.3663],[42.4098,42.3794],[42.4269,42.3899],[42.4295,42.3951],[42.4362,42.3981],[42.442,42.4048],[42.4509,42.4073],[42.4427,42.4198],[42.4423,42.4269],[42.4487,42.4308],[42.459,42.4456],[42.4653,42.4492],[42.4646,42.4544],[42.4668,42.4582],[42.4628,42.4636],[42.4663,42.4689],[42.4621,42.4767],[42.4768,42.4754],[42.4841,42.4782],[42.4865,42.4865],[42.4915,42.4885],[42.4858,42.5043],[42.4909,42.5103],[42.5074,42.5166],[42.5262,42.5323],[42.5269,42.5396],[42.5359,42.5475],[42.5513,42.5519],[42.5611,42.5504],[42.577,42.5532],[42.5946,42.5611],[42.6156,42.5647],[42.6034,42.5783],[42.6059,42.5873],[42.5926,42.5952],[42.5817,42.607],[42.5824,42.6138],[42.5783,42.6234],[42.5699,42.6252],[42.5716,42.6287],[42.5692,42.6417],[42.5444,42.657],[42.5403,42.6665],[42.5392,42.6706],[42.5483,42.6777],[42.5461,42.6845],[42.5517,42.6846],[42.5477,42.6921],[42.5494,42.6962],[42.567,42.698],[42.5742,42.7022],[42.5744,42.7033]]]}},{"type":"Feature","properties":{"id":"GE3830","name":"მესტიის","name_en":"Mestia","kind":"municipality"},"geometry":{"type":"Polygon","coordinates":[[[42.4257,43.2535],[42.4129,43.2568],[42.4053,43.2479],[42.3865,43.2439],[42.3798,43.2442],[42.3756,43.2474],[42.3678,43.245],[42.3575,43.2465],[42.3536,43.2428],[42.3483,43.228],[42.3417,43.2247],[42.34,43.2203],[42.3195,43.2213],[42.3143,43.2185],[42.3077,43.2208],[42.3061,43.2241],[42.303,43.2193],[42.2964,43.2159],[42.2944,43.2114],[42.2529,43.213],[42.2528,43.2199],[42.2489,43.2269],[42.2383,43.2294],[42.2208,43.2287],[42.2166,43.2309],[42.1972,43.2271],[42.1923,43.2192],[42.1777,43.2166],[42.1646,43.2248],[42.1488,43.2172],[42.1356,43.2168],[42.1304,43.2108],[42.131,43.2019],[42.1438,43.1856],[42.1344,43.1836],[42.1329,43.1745],[42.1181,43.1732],[42.1135,43.1694],[42.1143,43.165],[42.1194,43.1629],[42.1197,43.147],[42.1146,43.1447],[42.1027,43.1217],[42.0883,43.1174],[42.0899,43.1137],[42.0872,43.1093],[42.0783,43.1027],[42.0788,43.094],[42.0565,43.0848],[42.0498,43.0762],[42.0507,43.0688],[42.0395,43.0556],[42.0209,43.0495],[42.009,43.0525],[42.0018,43.0516],[41.9913,43.0446],[41.9834,43.0449],[41.9777,43.0402],[41.9618,43.0366],[41.956,43.0321],[41.9495,43.032],[41.9386,43.0256],[41.9178,43.0277],[41.8939,43.0256],[41.8936,43.0202],[41.8836,43.0114],[41.8732,43.0064],[41.874,42.9983],[41.8701,42.9956],[41.8685,42.9861],[41.8907,42.976],[41.9009,42.9751],[41.9099,42.9662],[41.9092,42.9599],[41.8988,42.9519],[41.8984,42.9463],[41.8936,42.9424],[41.903,42.9307],[41.9115,42.906],[41.9251,42.9055],[41.9449,42.8977],[41.9403,42.8859],[41.9335,42.8814],[41.9082,42.8756],[41.8928,42.8675],[41.8949,42.8628],[41.8839,42.8584],[41.8839,42.8515],[41.8779,42.8484],[41.8796,42.8413],[41.8821,42.8397],[41.8936,42.8367],[41.896,42.8407],[41.8948,42.8421],[41.9019,42.8475],[41.9058,42.8475],[41.9125,42.8437],[41.927,42.8424],[41.9488,42.8444],[41.9708,42.8381],[41.9866,42.8297],[42.0074,42.8255],[42.0276,42.8277],[42.038,42.8326],[42.0414,42.8374],[42.0563,42.8278],[42.0799,42.8291],[42.0925,42.8446],[42.1008,42.8492],[42.1008,42.8625],[42.1237,42.8561],[42.1392,42.8567],[42.149,42.8507],[42.1544,42.8425],[42.1644,42.8378],[42.1765,42.8347],[42.1911,42.8351],[42.1927,42.8196],[42.2017,42.8156],[42.2113,42.8152],[42.2166,42.8115],[42.2284,42.8169],[42.2415,42.8144],[42.2508,42.8222],[42.26,42.8247],[42.2611,42.8285],[42.2692,42.8329],[42.286,42.8378],[42.3133,42.8379],[42.3215,42.8345],[42.3266,42.836],[42.3557,42.8261],[42.3638,42.8426],[42.366,42.8557],[42.3814,42.867],[42.3946,42.8859],[42.42,42.8816],[42.4523,42.8817],[42.4693,42.8859],[42.4793,42.8806],[42.4863,42.8804],[42.486,42.8897],[42.4778,42.8975],[42.472,42.9196],[42.4829,42.9334],[42.5003,42.9352],[42.5183,42.9221],[42.5287,42.9185],[42.5555,42.9208],[42.5571,42.9148],[42.5696,42.9092],[42.5888,42.9075],[42.5979,42.9071],[42.6197,42.9133],[42.6387,42.9122],[42.6456,42.9065],[42.6571,42.9059],[42.7033,42.8879],[42.7158,42.8916],[42.7222,42.8967],[42.7296,42.8949],[42.7439,42.8978],[42.7521,42.8957],[42.755,42.89],[42.7636,42.8896],[42.7838,42.9064],[42.7905,42.9148],[42.7968,42.9181],[42.8221,42.9161],[42.8287,42.9091],[42.8379,42.9059],[42.8649,42.907],[42.8748,42.9],[42.8905,42.8978],[42.9062,42.8916],[42.9155,42.8791],[42.9281,42.8823],[42.9625,42.8829],[42.9755,42.8878],[42.996,42.891],[43.0153,42.8891],[43.0394,42.8974],[43.0541,42.8872],[43.0548,42.8844],[43.0484,42.8748],[43.0581,42.8624],[43.0709,42.867],[43.0839,42.883],[43.0889,42.8955],[43.0984,42.9005],[43.0989,42.9072],[43.093,42.9124],[43.0949,42.9231],[43.0888,42.9308],[43.0912,42.9347],[43.1072,42.9415],[43.1112,42.9458],[43.1175,42.9446],[43.1419,42.9564],[43.1432,42.9622],[43.1485,42.9688],[43.1429,42.9698],[43.1408,42.9763],[43.133,42.9805],[43.1336,42.9852],[43.1208,42.9882],[43.1159,42.9915],[43.113,43.0004],[43.0887,42.9992],[43.0779,43.0075],[43.0729,43.0086],[43.0704,43.0128],[43.0513,43.0188],[43.0442,43.0245],[43.0422,43.0289],[43.0345,43.0298],[43.0367,43.0327],[43.0369,43.0402],[43.0249,43.0475],[43.0273,43.0515],[43.0226,43.0624],[43.0156,43.0703],[43.0281,43.081],[43.0356,43.0822],[43.0417,43.0863],[43.041,43.0907],[43.0329,43.0922],[43.0276,43.0991],[43.0165,43.1021],[42.989,43.119],[42.9835,43.1171],[42.9703,43.1235],[42.9604,43.1252],[42.9318,43.1228],[42.9265,43.1248],[42.9243,43.1266],[42.9254,43.133],[42.9221,43.1363],[42.9325,43.1469],[42.9316,43.1488],[42.9181,43.1509],[42.9127,43.1539],[42.903,43.1539],[42.8972,43.1593],[42.8808,43.1549],[42.8747,43.1627],[42.8764,43.1713],[42.8705,43.1718],[42.8596,43.1787],[42.8314,43.1749],[42.8106,43.1676],[42.7958,43.1745],[42.7947,43.181],[42.7881,43.1855],[42.7757,43.1888],[42.7469,43.1873],[42.7396,43.1787],[42.7301,43.1828],[42.7157,43.1784],[42.7078,43.1795],[42.7055,43.1746],[42.7001,43.1724],[42.6843,43.1746],[42.6804,43.1729],[42.6803,43.1667],[42.6769,43.165],[42.6806,43.1585],[42.6762,43.1493],[42.6707,43.144],[42.6785,43.1376],[42.6676,43.1337],[42.6647,43.1399],[42.6466,43.1463],[42.6404,43.1536],[42.6294,43.1575],[42.6237,43.1571],[42.6135,43.1646],[42.6005,43.1624],[42.5969,43.1718],[42.59,43.1707],[42.576,43.1753],[42.5654,43.1737],[42.5434,43.1769],[42.5303,43.188],[42.5136,43.195],[42.5111,43.1993],[42.4941,43.1999],[42.4858,43.2063],[42.472,43.2064],[42.4666,43.2107],[42.4566,43.2131],[42.4443,43.2251],[42.4436,43.2292],[42.4519,43.2371],[42.4462,43.241],[42.4408,43.2521],[42.4271,43.253],[42.4257,43.2535]]]}},{"type":"Feature","properties":{"id":"GE3229","name":"მცხეთის","name_en":"Mtskheta","kind":"municipality"},"geometry":{"type":"Polygon","coordinates":[[[44.528,42.0006],[44.5063,41.9987],[44.511,41.9784],[44.5232,41.9624],[44.5241,41.9517],[44.5429,41.9412],[44.5479,41.9319],[44.5566,41.9251],[44.5654,41.905],[44.5731,41.8999],[44.57,41.8865],[44.5733,41.8782],[44.5617,41.862],[44.5507,41.862],[44.544,41.8701],[44.5362,41.8675],[44.5219,41.8727],[44.512,41.8593],[44.4969,41.8605],[44.4949,41.8546],[44.5111,41.8531],[44.508,41.8471],[44.5153,41.8378],[44.5051,41.832],[44.5002,41.8201],[44.5031,41.8161],[44.5012,41.8118],[44.4902,41.8052],[44.4914,41.801],[44.4874,41.7997],[44.4817,41.7914],[44.4757,41.7903],[44.4724,41.7819],[44.469,41.7808],[44.4775,41.7757],[44.4793,41.768],[44.486,41.7599],[44.4964,41.7566],[44.5052,41.761],[44.5223,41.7617],[44.56,41.7552],[44.5615,41.7505],[44.5595,41.7469],[44.5682,41.7368],[44.576,41.7316],[44.5842,41.7346],[44.5874,41.733],[44.5884,41.7306],[44.5846,41.7307],[44.5977,41.7187],[44.6002,41.7193],[44.608,41.713],[44.6021,41.7087],[44.6017,41.7059],[44.6061,41.7007],[44.6201,41.6925],[44.6335,41.6938],[44.6394,41.6932],[44.6402,41.6913],[44.6458,41.695],[44.6514,41.694],[44.6538,41.6965],[44.6577,41.6962],[44.6599,41.7004],[44.667,41.7025],[44.6701,41.7074],[44.6747,41.7083],[44.6736,41.7107],[44.6797,41.7101],[44.6933,41.7153],[44.6945,41.7226],[44.6847,41.7323],[44.677,41.7355],[44.6887,41.745],[44.6953,41.7463],[44.6897,41.7526],[44.6882,41.7635],[44.6789,41.7646],[44.6817,41.7662],[44.679,41.772],[44.6723,41.7747],[44.6755,41.7761],[44.6596,41.7859],[44.6654,41.794],[44.6948,41.813],[44.6895,41.8178],[44.7128,41.8181],[44.7151,41.8137],[44.7273,41.8119],[44.736,41.8143],[44.7417,41.819],[44.7495,41.8176],[44.7623,41.8217],[44.761,41.8249],[44.7492,41.8214],[44.7461,41.8285],[44.7504,41.8362],[44.76,41.8376],[44.7703,41.835],[44.7766,41.8304],[44.795,41.8292],[44.7936,41.8372],[44.8093,41.8355],[44.813,41.8304],[44.8222,41.829],[44.8246,41.8308],[44.8308,41.8289],[44.8293,41.8273],[44.846,41.8278],[44.8449,41.8236],[44.8698,41.8188],[44.8859,41.8115],[44.8898,41.8048],[44.8885,41.8032],[44.8945,41.8037],[44.892,41.8016],[44.8948,41.8009],[44.9013,41.8044],[44.9051,41.8123],[44.9043,41.8184],[44.8913,41.8284],[44.873,41.8335],[44.8796,41.8417],[44.8941,41.8409],[44.9032,41.8353],[44.9109,41.8353],[44.9177,41.8383],[44.9201,41.8444],[44.9511,41.8582],[44.9551,41.8621],[45.0104,41.8548],[45.0163,41.8512],[45.0306,41.8494],[45.0374,41.8508],[45.0374,41.8616],[45.032,41.8697],[45.0311,41.8868],[44.9999,41.8949],[44.9723,41.8952],[44.9462,41.8998],[44.9244,41.8987],[44.9154,41.9012],[44.9072,41.9053],[44.904,41.913],[44.8929,41.9233],[44.8889,41.9313],[44.8745,41.9399],[44.8528,41.9583],[44.831,41.953],[44.8225,41.948],[44.8129,41.9483],[44.807,41.9455],[44.8035,41.9487],[44.8003,41.9477],[44.7789,41.9555],[44.7788,41.9493],[44.764,41.9493],[44.7663,41.9434],[44.7767,41.9388],[44.7764,41.9316],[44.7791,41.9297],[44.7676,41.9257],[44.752,41.9259],[44.7497,41.93],[44.7566,41.9422],[44.759,41.9524],[44.7526,41.9688],[44.751,41.9854],[44.7404,41.9906],[44.6968,41.9914],[44.6865,41.985],[44.6741,41.9862],[44.6713,41.9806],[44.6557,41.9791],[44.6458,41.9823],[44.6349,41.9782],[44.629,41.9811],[44.6187,41.9814],[44.6204,41.9841],[44.6094,41.9804],[44.5981,41.9852],[44.5802,41.9868],[44.5787,41.9903],[44.5666,41.9977],[44.5428,41.9966],[44.5282,42.0006],[44.528,42.0006]],[[44.7291,41.8859],[44.7309,41.8855],[44.7266,41.8775],[44.7279,41.8735],[44.7243,41.8712],[44.7291,41.8636],[44.7246,41.8578],[44.7254,41.8537],[44.7303,41.8507],[44.7279,41.8404],[44.7169,41.8411],[44.7086,41.8374],[44.7085,41.8324],[44.6962,41.8292],[44.6974,41.8268],[44.6785,41.8235],[44.659,41.8348],[44.6588,41.8402],[44.6566,41.8407],[44.6588,41.8414],[44.6408,41.8428],[44.6398,41.8474],[44.6325,41.8489],[44.6394,41.8606],[44.612,41.8613],[44.608,41.8665],[44.6004,41.8666],[44.6038,41.8747],[44.6069,41.8765],[44.6192,41.8719],[44.6222,41.8733],[44.6239,41.8699],[44.6345,41.869],[44.6358,41.8665],[44.6457,41.8662],[44.6737,41.8709],[44.6687,41.8739],[44.6703,41.8754],[44.6856,41.874],[44.6998,41.8804],[44.6982,41.8828],[44.7039,41.8846],[44.7171,41.8859],[44.7253,41.8807],[44.729,41.8857],[44.7291,41.8859]]]}},{"type":"Feature","properties":{"id":"GE3211","name":"ქ. მცხეთა","name_en":"Mtskheta City","kind":"city"},"geometry":{"type":"Polygon","coordinates":[[[44.7284,41.8808],[44.7309,41.8855],[44.7291,41.8859],[44.7253,41.8807],[44.7189,41.8855],[44.7067,41.8852],[44.6982,41.8828],[44.6998,41.8804],[44.6845,41.8737],[44.6703,41.8754],[44.6687,41.8739],[44.6737,41.8709],[44.6419,41.866],[44.6239,41.8699],[44.6222,41.8733],[44.6192,41.8719],[44.6069,41.8765],[44.6038,41.8747],[44.6004,41.8666],[44.608,41.8665],[44.612,41.8613],[44.6394,41.8606],[44.6325,41.8489],[44.6398,41.8474],[44.6408,41.8428],[44.6588,41.8414],[44.6566,41.8407],[44.6588,41.8402],[44.659,41.8348],[44.6785,41.8235],[44.6974,41.8268],[44.6962,41.8292],[44.7085,41.8324],[44.7086,41.8374],[44.7169,41.8411],[44.7279,41.8404],[44.7303,41.8507],[44.7254,41.8537],[44.7246,41.8578],[44.7291,41.8636],[44.7243,41.8712],[44.7279,41.8735],[44.7265,41.8773],[44.7284,41.8806],[44.7284,41.8808]]]}},{"type":"Feature","properties":{"id":"GE4133","name":"ნინოწმინდის","name_en":"Ninotsminda","kind":"municipality"},"geometry":{"type":"Polygon","coordinates":[[[43.891,41.4698],[43.8837,41.4715],[43.8826,41.485],[43.8663,41.5185],[43.8498,41.521],[43.8455,41.5301],[43.8368,41.5363],[43.814,41.5294],[43.7884,41.5325],[43.7854,41.5306],[43.7772,41.5344],[43.7698,41.5311],[43.7498,41.5283],[43.7415,41.5217],[43.7356,41.5251],[43.7185,41.5232],[43.7106,41.5167],[43.7027,41.5151],[43.6975,41.5198],[43.6885,41.5208],[43.6849,41.5115],[43.6867,41.5089],[43.6839,41.463],[43.6757,41.4566],[43.6612,41.4523],[43.6768,41.4438],[43.6754,41.4412],[43.678,41.4384],[43.6779,41.4334],[43.6748,41.4275],[43.6788,41.4242],[43.6669,41.4087],[43.6798,41.4041],[43.6778,41.398],[43.6601,41.3969],[43.6605,41.3934],[43.6519,41.3893],[43.6415,41.3939],[43.6159,41.387],[43.6078,41.3898],[43.6034,41.3889],[43.5884,41.3762],[43.5824,41.3738],[43.5814,41.3705],[43.5635,41.3838],[43.5509,41.3736],[43.5486,41.368],[43.5502,41.3634],[43.5422,41.3601],[43.5425,41.3547],[43.5488,41.3541],[43.553,41.3499],[43.5529,41.3404],[43.5509,41.334],[43.545,41.3321],[43.542,41.3263],[43.5395,41.3268],[43.5381,41.3244],[43.5278,41.3306],[43.5214,41.34],[43.517,41.3336],[43.5087,41.3333],[43.51,41.3271],[43.5044,41.3309],[43.4977,41.328],[43.4933,41.3297],[43.4859,41.3393],[43.4869,41.3422],[43.4844,41.3475],[43.4683,41.3421],[43.4541,41.3297],[43.4415,41.3278],[43.4308,41.3225],[43.4252,41.3171],[43.4207,41.3037],[43.429,41.3001],[43.4287,41.2974],[43.4329,41.2945],[43.4347,41.2867],[43.4303,41.2703],[43.4331,41.271],[43.432,41.2656],[43.4349,41.2631],[43.4348,41.2574],[43.4391,41.2502],[43.4367,41.2446],[43.4381,41.2383],[43.4355,41.2338],[43.4349,41.2122],[43.4306,41.1866],[43.4341,41.1787],[43.454,41.1702],[43.462,41.1443],[43.4743,41.1204],[43.477,41.1205],[43.4779,41.1232],[43.4997,41.1228],[43.5032,41.1276],[43.5095,41.1305],[43.5223,41.1286],[43.5332,41.1309],[43.5428,41.1377],[43.5647,41.1446],[43.5918,41.1394],[43.5991,41.1305],[43.6681,41.1372],[43.6799,41.1356],[43.7487,41.1079],[43.7598,41.1223],[43.7908,41.1414],[43.7941,41.139],[43.8146,41.1493],[43.857,41.1632],[43.88,41.1638],[43.9039,41.168],[43.9146,41.1729],[43.9222,41.1716],[43.9396,41.174],[43.9497,41.1723],[43.9651,41.1845],[43.9665,41.1871],[43.9603,41.1977],[43.9612,41.2068],[43.951,41.2216],[43.9516,41.2309],[43.9429,41.2387],[43.9424,41.2429],[43.9305,41.25],[43.9366,41.2594],[43.9209,41.2565],[43.917,41.2597],[43.9253,41.262],[43.9276,41.2652],[43.9259,41.2784],[43.9313,41.2859],[43.9317,41.3016],[43.9415,41.3155],[43.9565,41.3256],[43.9528,41.34],[43.9396,41.3613],[43.933,41.3677],[43.9229,41.3986],[43.9183,41.402],[43.9099,41.4036],[43.8918,41.4151],[43.9081,41.4332],[43.9119,41.4452],[43.9054,41.4622],[43.9014,41.4662],[43.891,41.4698]]]}},{"type":"Feature","properties":{"id":"GE3529","name":"ონის","name_en":"Oni","kind":"municipality"},"geometry":{"type":"Polygon","coordinates":[[[43.4023,42.8947],[43.3874,42.8989],[43.3587,42.8894],[43.3493,42.8923],[43.3408,42.8896],[43.3336,42.8906],[43.3225,42.8802],[43.3196,42.872],[43.3154,42.8678],[43.3246,42.8603],[43.3305,42.8479],[43.3247,42.8416],[43.3158,42.8387],[43.3111,42.8337],[43.3099,42.8286],[43.3279,42.8192],[43.3304,42.813],[43.3409,42.8034],[43.3355,42.7942],[43.3357,42.7873],[43.3216,42.7731],[43.323,42.7652],[43.3164,42.7519],[43.3218,42.7371],[43.3201,42.7288],[43.3217,42.7249],[43.3331,42.718],[43.34,42.7092],[43.3429,42.6901],[43.3508,42.6772],[43.3557,42.6584],[43.3598,42.6549],[43.3611,42.6491],[43.3499,42.6466],[43.3291,42.6479],[43.3109,42.6314],[43.2906,42.6243],[43.2879,42.6197],[43.2825,42.6186],[43.2816,42.6143],[43.2543,42.5829],[43.2381,42.5536],[43.2505,42.5427],[43.2402,42.5356],[43.2461,42.532],[43.2465,42.5215],[43.2862,42.5183],[43.2993,42.5117],[43.3016,42.5014],[43.292,42.4925],[43.3009,42.4637],[43.307,42.459],[43.3365,42.4522],[43.3519,42.4589],[43.368,42.4605],[43.3889,42.4545],[43.3934,42.459],[43.4142,42.4502],[43.4191,42.4547],[43.4331,42.4517],[43.4425,42.454],[43.4443,42.4506],[43.4516,42.447],[43.4726,42.448],[43.4936,42.444],[43.5079,42.4587],[43.5182,42.4649],[43.5376,42.4573],[43.5537,42.447],[43.5741,42.4467],[43.5821,42.4403],[43.5966,42.4391],[43.5913,42.4608],[43.5926,42.4702],[43.6027,42.4819],[43.6012,42.5099],[43.6099,42.5323],[43.617,42.54],[43.6146,42.5439],[43.5993,42.5441],[43.5954,42.5466],[43.5934,42.5495],[43.5939,42.5592],[43.5973,42.566],[43.6051,42.5692],[43.5783,42.577],[43.5805,42.583],[43.6073,42.6023],[43.6142,42.6099],[43.6249,42.6115],[43.6278,42.6165],[43.6364,42.6225],[43.6382,42.6311],[43.6448,42.6382],[43.6678,42.6454],[43.6797,42.6407],[43.6889,42.6427],[43.6944,42.6473],[43.701,42.6472],[43.7065,42.6593],[43.7181,42.6708],[43.711,42.6782],[43.7109,42.6821],[43.7166,42.6829],[43.721,42.6809],[43.7427,42.6833],[43.7788,42.7048],[43.787,42.713],[43.7963,42.74],[43.7917,42.7478],[43.78,42.7537],[43.7775,42.7586],[43.7623,42.761],[43.7608,42.7649],[43.7561,42.7661],[43.7423,42.7659],[43.7393,42.7694],[43.7186,42.7725],[43.6966,42.7826],[43.6899,42.7871],[43.6916,42.7965],[43.6858,42.802],[43.6779,42.8023],[43.6706,42.7986],[43.6497,42.7952],[43.6441,42.7977],[43.6438,42.802],[43.6355,42.8111],[43.6086,42.8139],[43.6106,42.8333],[43.589,42.8454],[43.5867,42.8515],[43.574,42.8591],[43.5722,42.8625],[43.5659,42.8631],[43.5597,42.8682],[43.5456,42.8654],[43.5087,42.8677],[43.4922,42.8746],[43.4762,42.8892],[43.4581,42.8875],[43.4539,42.8915],[43.4436,42.8935],[43.4105,42.8914],[43.4023,42.8947]]]}},{"type":"Feature","properties":{"id":"GE2325","name":"ოზურგეთის","name_en":"Ozurgeti","kind":"municipality"},"geometry":{"type":"Polygon","coordinates":[[[42.1302,42.0137],[42.1174,42.0096],[42.1126,42.0129],[42.1042,42.0114],[42.1035,42.0031],[42.091,41.9976],[42.0814,41.9999],[42.0784,42.0038],[42.078,42.0111],[42.0671,42.0191],[42.0703,42.0223],[42.0704,42.0263],[42.0599,42.0304],[42.0526,42.0294],[42.0473,42.024],[42.0483,42.0208],[42.0526,42.019],[42.0523,42.0139],[42.0483,42.0122],[42.0515,42.0121],[42.0539,42.006],[42.0401,42.0044],[42.0363,41.9971],[42.0335,41.9964],[42.0309,41.9884],[42.0245,41.9897],[42.0237,41.9824],[42.014,41.9829],[42.015,41.9914],[42.0128,41.9996],[42.0158,42.0023],[42.0139,42.0078],[42.0067,42.0133],[41.9988,42.0123],[41.9938,42.018],[41.999,42.021],[41.9954,42.0259],[41.9954,42.0314],[42.0015,42.0348],[41.9982,42.0412],[41.992,42.0444],[41.9897,42.042],[41.9794,42.0451],[41.9687,42.043],[41.9639,42.0303],[41.9473,42.0243],[41.9502,42.0157],[41.944,42.0141],[41.9434,42.0112],[41.9284,42.0125],[41.9185,41.9975],[41.9086,41.9946],[41.9033,41.9992],[41.9049,41.996],[41.8989,41.9925],[41.8944,41.9941],[41.8947,41.9974],[41.8804,41.9993],[41.8783,42.0066],[41.8702,42.0079],[41.8653,42.0127],[41.8598,42.0082],[41.8596,42.0041],[41.8523,42.0006],[41.847,42.0008],[41.8453,42.0036],[41.8514,42.0086],[41.838,42.0117],[41.8329,42.0153],[41.826,42.0115],[41.8227,42.0152],[41.8186,42.0149],[41.808,42.0087],[41.7966,42.01],[41.7914,42.0019],[41.7882,42.004],[41.7807,42.0033],[41.7783,42.0006],[41.7709,42.0034],[41.7709,42.0126],[41.7666,42.0201],[41.7623,42.0231],[41.7585,42.0225],[41.7603,42.0148],[41.7549,42.0122],[41.7592,41.9927],[41.7664,41.9197],[41.7725,41.9011],[41.778,41.8978],[41.778,41.8957],[41.7975,41.8939],[41.8154,41.8992],[41.8217,41.8908],[41.8358,41.8993],[41.849,41.893],[41.8603,41.8929],[41.8802,41.8853],[41.8866,41.8886],[41.901,41.888],[41.9082,41.8925],[41.9055,41.8933],[41.911,41.897],[41.9112,41.9002],[41.9184,41.8998],[41.9214,41.9019],[41.9214,41.8973],[41.9363,41.8967],[41.9438,41.8937],[41.9467,41.8893],[41.9582,41.8854],[41.9629,41.8788],[41.9598,41.8681],[41.9633,41.8648],[41.9614,41.8613],[41.9637,41.8521],[41.9833,41.8439],[42.0114,41.8447],[42.0252,41.8374],[42.0398,41.8246],[42.0519,41.8218],[42.064,41.8226],[42.0733,41.8182],[42.0756,41.8082],[42.081,41.8071],[42.083,41.8037],[42.0786,41.7968],[42.0861,41.7997],[42.1181,41.8253],[42.1239,41.8219],[42.1391,41.8196],[42.1495,41.8101],[42.1625,41.818],[42.1767,41.8173],[42.1898,41.8203],[42.2158,41.7978],[42.2152,41.786],[42.2299,41.7867],[42.2417,41.7976],[42.2546,41.796],[42.2512,41.8008],[42.2635,41.8065],[42.2846,41.81],[42.2945,41.8078],[42.2994,41.8272],[42.2983,41.8325],[42.2897,41.8402],[42.2868,41.8527],[42.2918,41.8567],[42.2943,41.863],[42.2883,41.866],[42.2782,41.866],[42.2759,41.8716],[42.2514,41.8837],[42.2429,41.897],[42.2285,41.9091],[42.2238,41.9178],[42.2258,41.9203],[42.2107,41.9276],[42.2087,41.9317],[42.2112,41.9378],[42.1987,41.9411],[42.201,41.9442],[42.1992,41.9451],[42.1967,41.9425],[42.1961,41.949],[42.1885,41.9467],[42.1855,41.9481],[42.1896,41.9538],[42.1882,41.9573],[42.1841,41.9562],[42.1831,41.9519],[42.1769,41.9508],[42.1683,41.9543],[42.16,41.9656],[42.1636,41.9711],[42.1713,41.9752],[42.1723,41.9823],[42.1616,41.9878],[42.1349,41.9941],[42.1441,41.9948],[42.1375,41.9995],[42.1389,42.0014],[42.1363,42.0033],[42.1366,42.007],[42.1301,42.0136],[42.1302,42.0137]],[[41.9286,41.9414],[41.9576,41.9342],[41.9751,41.936],[42.0036,41.935],[42.0241,41.9389],[42.0285,41.9341],[42.0325,41.9346],[42.035,41.9302],[42.0303,41.9312],[42.0345,41.9286],[42.022,41.9211],[42.0265,41.9181],[42.0268,41.9124],[42.025,41.9145],[42.0134,41.9155],[42.0079,41.9084],[42.0016,41.9079],[42.0047,41.9017],[41.9992,41.9012],[41.9936,41.9046],[41.9938,41.9024],[41.9909,41.9031],[41.9922,41.9009],[41.9873,41.9025],[41.9794,41.8974],[41.9659,41.8958],[41.966,41.8983],[41.9608,41.9031],[41.9655,41.907],[41.9628,41.9085],[41.9663,41.9109],[41.9612,41.9147],[41.9698,41.9179],[41.9657,41.9197],[41.9672,41.9204],[41.9655,41.9241],[41.9618,41.9271],[41.9449,41.934],[41.9341,41.9262],[41.9296,41.9259],[41.9242,41.9291],[41.9217,41.9343],[41.9162,41.9352],[41.9013,41.9286],[41.8993,41.9343],[41.9046,41.9363],[41.9074,41.9344],[41.9168,41.94],[41.9282,41.9419],[41.9286,41.9414]]]}},{"type":"Feature","properties":{"id":"GE2311","name":"ქ. ოზურგეთი","name_en":"Ozurgeti City","kind":"city"},"geometry":{"type":"Polygon","coordinates":[[[41.9286,41.9414],[41.9168,41.94],[41.9074,41.9344],[41.9046,41.9363],[41.8993,41.9343],[41.9013,41.9286],[41.9162,41.9352],[41.9217,41.9343],[41.9242,41.9291],[41.9296,41.9259],[41.9341,41.9262],[41.9449,41.934],[41.9618,41.9271],[41.9655,41.9241],[41.9672,41.9204],[41.9657,41.9197],[41.9698,41.9179],[41.9612,41.9147],[41.9663,41.9109],[41.9628,41.9085],[41.9655,41.907],[41.9608,41.9031],[41.966,41.8983],[41.9659,41.8958],[41.9794,41.8974],[41.9873,41.9025],[41.9922,41.9009],[41.9909,41.9031],[41.9938,41.9024],[41.9936,41.9046],[41.9992,41.9012],[42.0047,41.9017],[42.0016,41.9079],[42.0079,41.9084],[42.0134,41.9155],[42.025,41.9145],[42.0268,41.9124],[42.0265,41.9181],[42.022,41.9211],[42.0345,41.9286],[42.0303,41.9312],[42.035,41.9302],[42.0323,41.9349],[42.0285,41.9341],[42.0241,41.9389],[42.0036,41.935],[41.9751,41.936],[41.9576,41.9342],[41.9291,41.941],[41.9286,41.9414]]]}},{"type":"Feature","properties":{"id":"GE3814","name":"ქ. ფოთი","name_en":"Poti","kind":"city"},"geometry":{"type":"Polygon","coordinates":[[[41.6518,42.1993],[41.6347,42.2078],[41.6286,42.2082],[41.6347,42.1863],[41.649,42.1674],[41.6513,42.1589],[41.6576,42.1594],[41.6535,42.1557],[41.6514,42.158],[41.6503,42.1554],[41.6645,42.1554],[41.6644,42.1535],[41.6516,42.1529],[41.6544,42.1504],[41.6495,42.149],[41.6474,42.1499],[41.6489,42.1543],[41.6472,42.1574],[41.6471,42.1497],[41.6548,42.1491],[41.66,42.1324],[41.6988,42.0906],[41.7038,42.0897],[41.7147,42.0706],[41.7196,42.069],[41.7062,42.0944],[41.7112,42.0991],[41.7042,42.1119],[41.6992,42.1314],[41.6921,42.14],[41.6947,42.1408],[41.6908,42.1522],[41.6991,42.1558],[41.6989,42.1612],[41.7207,42.1611],[41.6953,42.1677],[41.7004,42.1815],[41.7073,42.1874],[41.7047,42.1863],[41.6893,42.1956],[41.6536,42.1975],[41.6518,42.1993]]]}},{"type":"Feature","properties":{"id":"GE4411","name":"ქ. რუსთავი","name_en":"Rustavi","kind":"city"},"geometry":{"type":"Polygon","coordinates":[[[45.0267,41.496],[45.0313,41.4925],[45.0353,41.4927],[45.0334,41.4986],[45.0427,41.507],[45.0397,41.5095],[45.0537,41.5108],[45.0595,41.5166],[45.0693,41.5157],[45.079,41.51],[45.086,41.5147],[45.0754,41.5245],[45.0785,41.5301],[45.0725,41.5362],[45.0677,41.5336],[45.0428,41.5583],[45.0454,41.5594],[45.0465,41.5662],[45.0419,41.5671],[45.0383,41.5746],[45.0151,41.5815],[44.9952,41.5808],[44.9814,41.5854],[44.9781,41.5844],[44.9681,41.592],[44.954,41.5964],[44.949,41.6007],[44.9413,41.6019],[44.9448,41.5943],[44.9304,41.5876],[44.9301,41.5827],[44.9334,41.5768],[44.9301,41.5751],[44.9269,41.5746],[44.9207,41.5858],[44.9137,41.584],[44.9005,41.5869],[44.8896,41.5837],[44.898,41.5715],[44.8956,41.5565],[44.9323,41.5546],[44.9677,41.5441],[44.9734,41.5341],[44.9848,41.53],[44.9962,41.529],[44.9953,41.5262],[44.9985,41.5204],[45.0142,41.5121],[45.0266,41.4961],[45.0267,41.496]]]}},{"type":"Feature","properties":{"id":"GE2635","name":"საჩხერის","name_en":"Sachkhere","kind":"municipality"},"geometry":{"type":"Polygon","coordinates":[[[43.5537,42.447],[43.5376,42.4573],[43.5182,42.4649],[43.5079,42.4587],[43.4936,42.444],[43.4726,42.448],[43.4516,42.447],[43.4443,42.4506],[43.4425,42.454],[43.4331,42.4517],[43.4191,42.4547],[43.4142,42.4502],[43.3934,42.459],[43.3889,42.4545],[43.368,42.4605],[43.3519,42.4589],[43.3365,42.4522],[43.3119,42.4571],[43.2834,42.442],[43.2783,42.436],[43.273,42.4355],[43.2727,42.4335],[43.2892,42.4241],[43.2912,42.4197],[43.2873,42.4087],[43.324,42.4004],[43.3243,42.392],[43.3372,42.3857],[43.3365,42.3723],[43.3434,42.3715],[43.3539,42.3635],[43.3499,42.3592],[43.3492,42.347],[43.3462,42.3439],[43.3487,42.3415],[43.3469,42.3358],[43.35,42.33],[43.347,42.3222],[43.3526,42.313],[43.3502,42.3111],[43.3621,42.3017],[43.3688,42.3005],[43.37,42.2993],[43.3673,42.2977],[43.3689,42.2966],[43.3715,42.2981],[43.3755,42.2939],[43.3793,42.2935],[43.3817,42.2844],[43.3939,42.2737],[43.3871,42.2705],[43.3886,42.2677],[43.3828,42.2675],[43.3832,42.2632],[43.3697,42.2623],[43.3641,42.2523],[43.3649,42.2466],[43.3721,42.248],[43.3886,42.2317],[43.3978,42.2289],[43.4067,42.2222],[43.4006,42.215],[43.4168,42.1992],[43.4233,42.1884],[43.4287,42.1888],[43.4266,42.1932],[43.4348,42.1884],[43.4455,42.188],[43.4506,42.1835],[43.4506,42.1796],[43.4448,42.1726],[43.4445,42.1669],[43.4405,42.1657],[43.4356,42.1586],[43.4316,42.1583],[43.4258,42.1529],[43.4169,42.1533],[43.4267,42.1443],[43.4294,42.1348],[43.4337,42.1333],[43.4346,42.1302],[43.4368,42.1325],[43.4438,42.132],[43.4642,42.1139],[43.4685,42.1147],[43.4716,42.107],[43.4838,42.1092],[43.4854,42.1118],[43.4916,42.1091],[43.5025,42.1115],[43.5059,42.102],[43.5023,42.0989],[43.5084,42.0921],[43.5214,42.0925],[43.5217,42.0951],[43.528,42.0972],[43.5304,42.1023],[43.5538,42.1062],[43.5533,42.1157],[43.5576,42.1186],[43.5501,42.1205],[43.564,42.1299],[43.5631,42.1351],[43.5694,42.1459],[43.5696,42.1512],[43.576,42.1561],[43.5833,42.158],[43.5927,42.1698],[43.6071,42.1692],[43.6188,42.1641],[43.6243,42.1662],[43.6087,42.1756],[43.6037,42.1859],[43.6171,42.1885],[43.6264,42.1941],[43.6278,42.204],[43.6114,42.2101],[43.6019,42.2099],[43.606,42.2315],[43.6117,42.237],[43.6045,42.2595],[43.6077,42.2596],[43.6103,42.2664],[43.6099,42.2738],[43.6176,42.275],[43.6227,42.2808],[43.6325,42.2805],[43.6339,42.2861],[43.643,42.2872],[43.6557,42.294],[43.661,42.3014],[43.6646,42.3014],[43.6401,42.3151],[43.6231,42.3164],[43.6116,42.3146],[43.6078,42.3293],[43.6025,42.3342],[43.5941,42.3365],[43.5908,42.3456],[43.586,42.3471],[43.5961,42.3555],[43.5976,42.3601],[43.6033,42.3647],[43.6082,42.3656],[43.6059,42.3675],[43.6109,42.3693],[43.6111,42.3789],[43.6041,42.392],[43.6038,42.404],[43.5981,42.4083],[43.5953,42.4142],[43.5955,42.4171],[43.6047,42.4198],[43.6133,42.4298],[43.5953,42.4386],[43.5821,42.4403],[43.5741,42.4467],[43.5581,42.4461],[43.5537,42.447]]]}},{"type":"Feature","properties":{"id":"GE2934","name":"საგარეჯოს","name_en":"Sagarejo","kind":"municipality"},"geometry":{"type":"Polygon","coordinates":[[[45.1955,41.9126],[45.1788,41.9159],[45.1637,41.9023],[45.1605,41.8954],[45.1491,41.8991],[45.1419,41.8957],[45.1434,41.8913],[45.1277,41.9009],[45.1237,41.8989],[45.1146,41.8992],[45.1121,41.905],[45.1004,41.9091],[45.0999,41.9131],[45.0925,41.9167],[45.0803,41.9167],[45.0811,41.9103],[45.0869,41.9108],[45.0854,41.908],[45.0923,41.9071],[45.0971,41.9006],[45.0883,41.8947],[45.0877,41.8918],[45.1034,41.8824],[45.0805,41.8731],[45.0682,41.8756],[45.0655,41.8738],[45.0662,41.8716],[45.0611,41.8694],[45.0607,41.865],[45.0626,41.8643],[45.058,41.8643],[45.058,41.8531],[45.0537,41.8478],[45.0719,41.844],[45.0809,41.8355],[45.0967,41.7981],[45.0966,41.7954],[45.0906,41.7946],[45.101,41.7891],[45.0998,41.7817],[45.1127,41.7721],[45.1211,41.7699],[45.1183,41.764],[45.1188,41.7589],[45.1416,41.7565],[45.1454,41.759],[45.1533,41.7579],[45.1588,41.7605],[45.157,41.7622],[45.1612,41.7615],[45.1656,41.7643],[45.1673,41.7528],[45.164,41.743],[45.1752,41.7427],[45.1798,41.7355],[45.1883,41.7362],[45.1945,41.7298],[45.1923,41.7283],[45.194,41.7247],[45.1892,41.7229],[45.2014,41.7169],[45.1977,41.7132],[45.2088,41.7095],[45.2121,41.7058],[45.2113,41.6971],[45.206,41.7012],[45.2057,41.6973],[45.2009,41.6966],[45.1999,41.7011],[45.1957,41.7016],[45.1891,41.6954],[45.1966,41.673],[45.2082,41.6648],[45.2123,41.6586],[45.2124,41.646],[45.2097,41.6385],[45.1948,41.6279],[45.1903,41.6199],[45.1776,41.6179],[45.1563,41.6246],[45.1473,41.6157],[45.129,41.62],[45.1334,41.6116],[45.1259,41.6104],[45.1254,41.5978],[45.1507,41.5974],[45.1555,41.5964],[45.1549,41.5921],[45.1535,41.5851],[45.1279,41.5726],[45.1207,41.5653],[45.1301,41.553],[45.1328,41.5438],[45.1577,41.5515],[45.1672,41.5584],[45.1746,41.5677],[45.1908,41.5515],[45.2067,41.5705],[45.2092,41.5607],[45.2218,41.5521],[45.2252,41.5378],[45.213,41.5315],[45.2119,41.5298],[45.2158,41.5261],[45.2134,41.5201],[45.1948,41.5178],[45.1959,41.5075],[45.1928,41.4947],[45.1949,41.4887],[45.2053,41.4862],[45.2188,41.4765],[45.2449,41.4698],[45.2584,41.4693],[45.2876,41.4632],[45.3078,41.4728],[45.362,41.4549],[45.385,41.4341],[45.4148,41.4283],[45.4303,41.4308],[45.4586,41.4571],[45.517,41.42],[45.5536,41.4106],[45.5647,41.4423],[45.5843,41.4528],[45.5891,41.4773],[45.592,41.5108],[45.6374,41.5305],[45.6348,41.5322],[45.6367,41.5359],[45.6338,41.5385],[45.6367,41.54],[45.6327,41.5442],[45.6374,41.5454],[45.6386,41.5483],[45.6332,41.5552],[45.6323,41.5589],[45.6347,41.5615],[45.6293,41.5603],[45.629,41.565],[45.622,41.567],[45.6233,41.5709],[45.6198,41.5728],[45.6142,41.5711],[45.6157,41.5778],[45.6013,41.5804],[45.6,41.5834],[45.5878,41.5884],[45.5919,41.5973],[45.5903,41.5996],[45.6219,41.6233],[45.6162,41.6417],[45.6296,41.6413],[45.6291,41.6458],[45.6356,41.6547],[45.633,41.6674],[45.6351,41.6676],[45.6354,41.6757],[45.6389,41.6774],[45.6379,41.6795],[45.6231,41.6832],[45.6216,41.6849],[45.6242,41.689],[45.6164,41.6931],[45.6081,41.6937],[45.6076,41.6919],[45.6007,41.6914],[45.5894,41.6958],[45.5714,41.6983],[45.5672,41.7016],[45.5463,41.7069],[45.5256,41.7185],[45.5208,41.7177],[45.5216,41.72],[45.5136,41.7235],[45.519,41.734],[45.5137,41.7396],[45.5108,41.7494],[45.5178,41.765],[45.5228,41.7709],[45.5197,41.7756],[45.5227,41.7849],[45.5195,41.7896],[45.5112,41.7946],[45.5116,41.7993],[45.5157,41.806],[45.522,41.8086],[45.4963,41.8149],[45.4679,41.8144],[45.4485,41.8062],[45.432,41.8063],[45.4081,41.7988],[45.398,41.7988],[45.3879,41.8016],[45.3778,41.8078],[45.3668,41.8085],[45.3668,41.8106],[45.3182,41.8135],[45.3072,41.8266],[45.2952,41.8344],[45.2953,41.8373],[45.2913,41.8374],[45.2912,41.8404],[45.2795,41.8466],[45.282,41.8576],[45.2783,41.8671],[45.2792,41.8732],[45.2612,41.8789],[45.2617,41.8812],[45.2537,41.8852],[45.2501,41.8804],[45.2585,41.8792],[45.2543,41.8762],[45.2441,41.8751],[45.2275,41.8789],[45.2217,41.8773],[45.2154,41.8903],[45.2071,41.8936],[45.2064,41.8968],[45.2037,41.8964],[45.2054,41.9035],[45.211,41.9018],[45.2099,41.8996],[45.2184,41.8981],[45.2239,41.8996],[45.1991,41.9108],[45.1955,41.9126]]]}},{"type":"Feature","properties":{"id":"GE2633","name":"სამტრედიის","name_en":"Samtredia","kind":"municipality"},"geometry":{"type":"Polygon","coordinates":[[[42.495,42.2337],[42.4867,42.236],[42.487,42.2397],[42.4685,42.2434],[42.4661,42.2489],[42.4605,42.2528],[42.4602,42.2566],[42.4537,42.2583],[42.4468,42.2533],[42.4333,42.253],[42.4154,42.2483],[42.3735,42.2511],[42.3625,42.2562],[42.3622,42.2638],[42.3503,42.2664],[42.3532,42.2728],[42.3524,42.2779],[42.3377,42.2819],[42.3256,42.2817],[42.3194,42.2771],[42.3202,42.2746],[42.3162,42.2713],[42.316,42.2641],[42.3118,42.2582],[42.3011,42.2505],[42.3014,42.2484],[42.2973,42.2467],[42.2956,42.243],[42.2836,42.2354],[42.2878,42.2189],[42.295,42.2143],[42.2875,42.1984],[42.2844,42.1963],[42.2862,42.1912],[42.2918,42.1878],[42.2877,42.1808],[42.2938,42.1746],[42.2946,42.1649],[42.3015,42.1604],[42.2964,42.1536],[42.3021,42.1473],[42.2949,42.1481],[42.2897,42.1417],[42.2949,42.1377],[42.2927,42.1345],[42.2935,42.1278],[42.2983,42.1256],[42.2943,42.1153],[42.2866,42.1069],[42.2784,42.1059],[42.2578,42.1107],[42.2228,42.1242],[42.2206,42.1153],[42.226,42.1147],[42.2279,42.1017],[42.2251,42.0975],[42.2156,42.093],[42.216,42.0863],[42.2267,42.0767],[42.2192,42.071],[42.2178,42.0605],[42.226,42.0531],[42.2263,42.0496],[42.2453,42.0498],[42.2498,42.0554],[42.2618,42.0499],[42.266,42.0506],[42.2773,42.0587],[42.2803,42.0577],[42.2799,42.0559],[42.2855,42.0565],[42.2935,42.0504],[42.2996,42.0377],[42.3059,42.0399],[42.3056,42.042],[42.3143,42.0423],[42.3162,42.0447],[42.3193,42.0402],[42.3239,42.0426],[42.3275,42.04],[42.3278,42.0428],[42.3371,42.0469],[42.3373,42.0508],[42.3338,42.0502],[42.3342,42.0547],[42.3408,42.0584],[42.3408,42.0612],[42.3644,42.0604],[42.3734,42.0536],[42.3784,42.0586],[42.3861,42.0583],[42.3969,42.0527],[42.3989,42.046],[42.4053,42.0435],[42.4109,42.0343],[42.4085,42.0291],[42.4113,42.0153],[42.4203,42.0154],[42.4192,42.0245],[42.4224,42.0315],[42.4185,42.0377],[42.4239,42.0381],[42.4227,42.0451],[42.4253,42.0545],[42.4225,42.0555],[42.4232,42.0585],[42.4081,42.0644],[42.4083,42.0661],[42.4131,42.0726],[42.428,42.0766],[42.4249,42.0795],[42.4305,42.084],[42.431,42.0888],[42.4342,42.0892],[42.4304,42.0983],[42.4165,42.0929],[42.414,42.0939],[42.4129,42.0992],[42.407,42.1058],[42.4089,42.1082],[42.4056,42.1081],[42.4043,42.1111],[42.3961,42.1364],[42.4196,42.1315],[42.4448,42.1355],[42.4613,42.1288],[42.485,42.1269],[42.4867,42.121],[42.5037,42.115],[42.529,42.1134],[42.5235,42.1337],[42.5292,42.142],[42.537,42.1423],[42.5376,42.1573],[42.5413,42.158],[42.5263,42.1599],[42.5096,42.152],[42.5003,42.154],[42.502,42.16],[42.5077,42.1624],[42.512,42.1685],[42.506,42.1712],[42.5074,42.1745],[42.4936,42.1736],[42.469,42.1618],[42.4442,42.1745],[42.4458,42.1782],[42.4659,42.1836],[42.4643,42.1879],[42.4804,42.1894],[42.4809,42.1954],[42.4906,42.1997],[42.4903,42.2031],[42.4946,42.2034],[42.4958,42.2088],[42.4986,42.2088],[42.4985,42.216],[42.5062,42.2146],[42.5045,42.2246],[42.4968,42.2257],[42.4974,42.2296],[42.4949,42.2331],[42.495,42.2337]]]}},{"type":"Feature","properties":{"id":"GE3832","name":"სენაკის","name_en":"Senaki","kind":"municipality"},"geometry":{"type":"Polygon","coordinates":[[[42.1759,42.4551],[42.1634,42.4523],[42.1607,42.4494],[42.1577,42.4522],[42.1591,42.4533],[42.1554,42.4546],[42.1526,42.449],[42.1448,42.4522],[42.1419,42.4505],[42.133,42.4517],[42.1349,42.4437],[42.139,42.4419],[42.1383,42.4325],[42.1335,42.4274],[42.1347,42.4254],[42.1329,42.4244],[42.1352,42.4224],[42.131,42.4211],[42.1256,42.4066],[42.1227,42.4058],[42.1247,42.4033],[42.1199,42.4013],[42.1069,42.4065],[42.1065,42.4088],[42.0991,42.4124],[42.0934,42.4124],[42.0952,42.4149],[42.0836,42.4209],[42.0776,42.4176],[42.0727,42.4177],[42.0752,42.4206],[42.073,42.4226],[42.0667,42.4219],[42.0618,42.4183],[42.0514,42.42],[42.0521,42.4108],[42.0488,42.407],[42.049,42.4034],[42.0445,42.4016],[42.0438,42.397],[42.0408,42.3945],[42.0475,42.3954],[42.055,42.3894],[42.0499,42.3876],[42.0441,42.3809],[42.044,42.3778],[42.0403,42.3758],[42.0419,42.3709],[42.0311,42.3635],[42.0272,42.3641],[42.0181,42.356],[42.0064,42.3621],[42.0097,42.3634],[42.0099,42.3661],[42.004,42.3738],[41.9939,42.3688],[41.9782,42.3665],[41.9768,42.3687],[41.9599,42.3697],[41.9471,42.3735],[41.9462,42.3697],[41.9515,42.3633],[41.9573,42.3616],[41.964,42.3526],[41.971,42.3486],[41.9623,42.3376],[41.9631,42.3341],[41.9665,42.3323],[41.9676,42.3256],[41.9786,42.325],[41.9958,42.3179],[41.9941,42.315],[41.9962,42.3114],[41.9949,42.2918],[41.9909,42.2868],[41.9813,42.2841],[41.9812,42.2802],[41.977,42.2758],[41.9793,42.2701],[41.9739,42.2627],[41.9771,42.2608],[41.977,42.2578],[41.9716,42.2524],[41.9729,42.2373],[41.9616,42.2352],[41.96,42.2315],[41.9517,42.2296],[41.9436,42.2281],[41.9431,42.2298],[41.9335,42.2296],[41.9039,42.2223],[41.8991,42.2178],[41.8818,42.2227],[41.8873,42.2068],[41.8839,42.1955],[41.8857,42.19],[41.8773,42.1731],[41.8759,42.1436],[41.8849,42.1446],[41.897,42.1503],[41.9043,42.1491],[41.9112,42.1526],[41.9224,42.1536],[41.9282,42.1667],[41.9408,42.1696],[41.9459,42.1694],[41.9504,42.1637],[41.9572,42.1636],[41.9603,42.1598],[41.9702,42.1572],[41.9736,42.1606],[41.9844,42.1604],[42.0003,42.1664],[42.0155,42.1619],[42.0206,42.1628],[42.0223,42.1694],[42.0268,42.1738],[42.0271,42.1803],[42.0317,42.1859],[42.0414,42.1893],[42.049,42.1879],[42.0556,42.1929],[42.061,42.1924],[42.0645,42.1957],[42.0707,42.192],[42.074,42.1964],[42.0733,42.2024],[42.0835,42.2003],[42.0906,42.214],[42.0947,42.2139],[42.0948,42.22],[42.1053,42.2224],[42.1088,42.2252],[42.1086,42.2281],[42.1126,42.2285],[42.1174,42.2352],[42.1377,42.2406],[42.1439,42.2395],[42.1501,42.2426],[42.1542,42.2479],[42.1507,42.2509],[42.1552,42.2614],[42.158,42.2621],[42.158,42.268],[42.1624,42.2697],[42.1682,42.2771],[42.1694,42.2823],[42.1676,42.2816],[42.1673,42.2845],[42.1702,42.2859],[42.1797,42.2814],[42.184,42.2767],[42.1909,42.275],[42.1937,42.2656],[42.2022,42.265],[42.2048,42.2668],[42.2093,42.2724],[42.2113,42.2834],[42.2154,42.2899],[42.2222,42.2916],[42.2271,42.2996],[42.2282,42.3114],[42.2248,42.3117],[42.2251,42.3173],[42.2182,42.3173],[42.2187,42.3254],[42.2276,42.3268],[42.2286,42.3221],[42.2321,42.3396],[42.237,42.3428],[42.2359,42.3487],[42.2506,42.3553],[42.2399,42.3681],[42.2325,42.3714],[42.2308,42.3754],[42.216,42.3828],[42.2196,42.3874],[42.223,42.3831],[42.2263,42.3831],[42.2473,42.3938],[42.2439,42.3966],[42.247,42.3967],[42.2487,42.3999],[42.254,42.3995],[42.2578,42.4037],[42.2575,42.4082],[42.2625,42.4107],[42.2601,42.4205],[42.2566,42.4213],[42.2692,42.4264],[42.2628,42.4335],[42.2603,42.4307],[42.256,42.4305],[42.2557,42.4279],[42.2478,42.4255],[42.244,42.429],[42.2351,42.431],[42.2239,42.4282],[42.222,42.4297],[42.2257,42.4345],[42.2287,42.4348],[42.2309,42.4403],[42.2275,42.4447],[42.223,42.4434],[42.2108,42.4498],[42.1961,42.4462],[42.1926,42.4478],[42.1914,42.4451],[42.1887,42.4453],[42.1862,42.4469],[42.188,42.4496],[42.1858,42.453],[42.1787,42.4458],[42.1722,42.4519],[42.1759,42.455],[42.1759,42.4551]]]}},{"type":"Feature","properties":{"id":"GE1529","name":"შუახევის","name_en":"Shuakhevi","kind":"municipality"},"geometry":{"type":"Polygon","coordinates":[[[42.2942,41.8076],[42.2754,41.8095],[42.2525,41.8019],[42.2508,41.7989],[42.2546,41.796],[42.2402,41.7972],[42.2299,41.7867],[42.2152,41.786],[42.2086,41.7747],[42.1907,41.7627],[42.1733,41.7624],[42.1617,41.766],[42.1479,41.7605],[42.1404,41.7468],[42.1508,41.7364],[42.1468,41.7269],[42.1377,41.7199],[42.1402,41.7154],[42.1347,41.7114],[42.1309,41.7036],[42.1088,41.6966],[42.1032,41.6814],[42.0963,41.6755],[42.1063,41.674],[42.1121,41.6703],[42.1207,41.6556],[42.1204,41.6467],[42.1312,41.642],[42.1288,41.6259],[42.1254,41.6228],[42.1253,41.6113],[42.0964,41.6019],[42.1059,41.5944],[42.1039,41.5884],[42.1059,41.5808],[42.1019,41.5696],[42.1031,41.5506],[42.1089,41.5399],[42.1106,41.5427],[42.1155,41.5347],[42.116,41.5109],[42.1211,41.5063],[42.1312,41.5057],[42.1373,41.5079],[42.1565,41.5062],[42.1783,41.5144],[42.1857,41.5093],[42.1968,41.5068],[42.2021,41.4927],[42.2054,41.4911],[42.2115,41.4957],[42.2262,41.4987],[42.2431,41.4941],[42.2537,41.4951],[42.262,41.4919],[42.2716,41.4942],[42.2834,41.4934],[42.2936,41.49],[42.3035,41.4826],[42.3137,41.4818],[42.3296,41.468],[42.3483,41.4717],[42.368,41.4649],[42.3818,41.4677],[42.3852,41.4635],[42.4001,41.4666],[42.4113,41.4587],[42.4162,41.4589],[42.4251,41.4532],[42.4335,41.4441],[42.4464,41.4416],[42.4482,41.4387],[42.4722,41.4359],[42.4895,41.4404],[42.4931,41.4454],[42.503,41.4405],[42.5066,41.4418],[42.5188,41.437],[42.5215,41.4381],[42.5241,41.4445],[42.5206,41.447],[42.5215,41.453],[42.5166,41.4569],[42.5183,41.4594],[42.5025,41.4635],[42.482,41.4919],[42.4704,41.4972],[42.4637,41.4963],[42.4463,41.5114],[42.4473,41.5126],[42.4235,41.527],[42.4168,41.528],[42.4109,41.526],[42.3928,41.5296],[42.3856,41.54],[42.3673,41.5404],[42.3577,41.5471],[42.3549,41.5524],[42.3353,41.5578],[42.3178,41.5667],[42.3132,41.5758],[42.2735,41.5891],[42.2789,41.5923],[42.2833,41.6],[42.2881,41.6013],[42.2783,41.606],[42.2694,41.6174],[42.2698,41.6216],[42.2763,41.6231],[42.2682,41.6289],[42.2703,41.6363],[42.2605,41.642],[42.2594,41.6505],[42.251,41.6623],[42.2561,41.6676],[42.2631,41.6679],[42.2632,41.6736],[42.2685,41.6758],[42.2658,41.6825],[42.2688,41.6863],[42.2623,41.7036],[42.2723,41.7056],[42.274,41.7097],[42.2718,41.7115],[42.2785,41.714],[42.2803,41.7199],[42.2851,41.7226],[42.2934,41.7372],[42.3041,41.7422],[42.3102,41.7413],[42.3107,41.7492],[42.3224,41.7516],[42.3243,41.7543],[42.3313,41.7528],[42.3264,41.7594],[42.3272,41.7637],[42.3229,41.7707],[42.3221,41.7957],[42.3123,41.8014],[42.313,41.8033],[42.3041,41.8026],[42.2987,41.8058],[42.2942,41.8076]]]}},{"type":"Feature","properties":{"id":"GE2936","name":"სიღნაღის","name_en":"Sighnaghi","kind":"municipality"},"geometry":{"type":"Polygon","coordinates":[[[45.9766,41.7131],[45.9719,41.7132],[45.9695,41.7107],[45.966,41.7131],[45.9406,41.6915],[45.9418,41.6895],[45.9283,41.6795],[45.9311,41.6772],[45.9202,41.6735],[45.9097,41.6623],[45.899,41.6565],[45.8953,41.6476],[45.8977,41.6458],[45.8919,41.6384],[45.871,41.6365],[45.8684,41.6326],[45.866,41.6342],[45.8582,41.6327],[45.8447,41.6217],[45.8328,41.6218],[45.8273,41.6191],[45.8238,41.608],[45.7927,41.6145],[45.7866,41.6072],[45.7813,41.6084],[45.7784,41.604],[45.7817,41.6037],[45.7675,41.594],[45.7169,41.5683],[45.698,41.5559],[45.6937,41.5551],[45.683,41.5583],[45.679,41.5559],[45.6727,41.5561],[45.6521,41.5646],[45.6474,41.5636],[45.6438,41.5582],[45.6638,41.5526],[45.6622,41.5476],[45.6668,41.5463],[45.651,41.5438],[45.6332,41.5451],[45.6337,41.5412],[45.6367,41.54],[45.6338,41.5385],[45.6367,41.5359],[45.6348,41.5322],[45.6374,41.5305],[45.592,41.5108],[45.5891,41.4773],[45.5843,41.4528],[45.5647,41.4423],[45.5536,41.4106],[45.5772,41.3762],[45.6261,41.3802],[45.6349,41.3779],[45.6484,41.3798],[45.6679,41.3627],[45.6736,41.3604],[45.7026,41.3551],[45.7051,41.3568],[45.7042,41.3624],[45.7099,41.3635],[45.746,41.356],[45.7432,41.3459],[45.7384,41.3395],[45.7143,41.3234],[45.7044,41.3135],[45.7016,41.2987],[45.7148,41.2852],[45.7228,41.2812],[45.7426,41.261],[45.7541,41.254],[45.7682,41.2662],[45.7977,41.2819],[45.803,41.289],[45.8182,41.2882],[45.819,41.2959],[45.8256,41.3103],[45.8454,41.305],[45.8432,41.314],[45.8579,41.3202],[45.8563,41.3231],[45.8607,41.3222],[45.86,41.3275],[45.8533,41.3268],[45.8616,41.331],[45.8534,41.3324],[45.847,41.339],[45.8458,41.336],[45.8401,41.3363],[45.8361,41.3405],[45.8375,41.3451],[45.8328,41.3434],[45.8321,41.346],[45.8299,41.346],[45.8246,41.3433],[45.828,41.3481],[45.8206,41.3464],[45.8216,41.3442],[45.8195,41.3433],[45.8172,41.347],[45.8131,41.3481],[45.8178,41.3516],[45.8096,41.3541],[45.8105,41.3628],[45.8381,41.4106],[45.8342,41.4417],[45.8502,41.4646],[45.8566,41.4818],[45.8908,41.5188],[45.8947,41.5204],[45.8958,41.5235],[45.894,41.5255],[45.8986,41.5312],[45.9082,41.535],[45.9202,41.5541],[45.9246,41.5556],[45.922,41.5625],[45.9278,41.5636],[45.9259,41.5668],[45.9588,41.5785],[45.9706,41.5739],[45.9711,41.5707],[45.988,41.5697],[45.9939,41.5569],[45.9978,41.5564],[45.9944,41.5585],[46.0012,41.564],[46.0083,41.563],[46.0262,41.5354],[46.0506,41.52],[46.0632,41.5075],[46.0741,41.5013],[46.0797,41.4993],[46.0909,41.5043],[46.1126,41.4963],[46.1317,41.4932],[46.1374,41.4894],[46.1416,41.4814],[46.1536,41.4697],[46.1585,41.4764],[46.1597,41.4863],[46.1703,41.4984],[46.1888,41.492],[46.1912,41.495],[46.2008,41.4977],[46.2239,41.486],[46.229,41.4915],[46.2524,41.4817],[46.254,41.4841],[46.2692,41.4834],[46.2671,41.4681],[46.2763,41.4583],[46.2615,41.4531],[46.2573,41.4473],[46.262,41.4445],[46.2725,41.4269],[46.2803,41.4243],[46.3003,41.4247],[46.3137,41.4176],[46.3061,41.408],[46.3122,41.404],[46.344,41.4221],[46.3368,41.4284],[46.3541,41.4372],[46.3569,41.4364],[46.3607,41.4406],[46.3553,41.4431],[46.354,41.4474],[46.3595,41.4544],[46.3582,41.4587],[46.3622,41.4659],[46.3703,41.4759],[46.3922,41.4669],[46.4004,41.4661],[46.3988,41.4703],[46.3921,41.4731],[46.3939,41.4782],[46.4038,41.4818],[46.3858,41.4833],[46.3836,41.4794],[46.3738,41.4785],[46.3734,41.4803],[46.3845,41.4859],[46.3815,41.4923],[46.3797,41.4887],[46.3733,41.4871],[46.3652,41.4904],[46.3587,41.4884],[46.3562,41.4918],[46.3593,41.4973],[46.3559,41.5039],[46.3531,41.5027],[46.3559,41.4968],[46.3524,41.4923],[46.3426,41.4946],[46.3408,41.4963],[46.3419,41.5003],[46.3321,41.4997],[46.3319,41.5066],[46.3251,41.5221],[46.3346,41.526],[46.3235,41.526],[46.32,41.5298],[46.3219,41.5334],[46.3281,41.5357],[46.3279,41.5377],[46.3235,41.538],[46.3218,41.5342],[46.3175,41.5324],[46.3044,41.5374],[46.3114,41.5405],[46.3059,41.5467],[46.3046,41.5563],[46.3084,41.5583],[46.3035,41.5615],[46.2989,41.5732],[46.2999,41.5752],[46.3069,41.5755],[46.3059,41.5693],[46.31,41.5675],[46.314,41.5697],[46.3103,41.575],[46.3231,41.5804],[46.3279,41.5751],[46.3322,41.5761],[46.3385,41.5671],[46.3458,41.57],[46.3446,41.5727],[46.3392,41.5716],[46.3361,41.5745],[46.337,41.5767],[46.3421,41.5762],[46.3391,41.5812],[46.3424,41.5841],[46.3388,41.587],[46.3426,41.5915],[46.3297,41.5983],[46.3269,41.5965],[46.3232,41.5986],[46.3251,41.6076],[46.3168,41.6107],[46.3121,41.607],[46.3053,41.6096],[46.3086,41.6049],[46.3016,41.6048],[46.304,41.5971],[46.2874,41.6013],[46.2803,41.6002],[46.2695,41.6074],[46.2717,41.6088],[46.279,41.6068],[46.2748,41.6112],[46.281,41.6132],[46.2776,41.6218],[46.2648,41.6327],[46.2646,41.6258],[46.2699,41.6229],[46.2667,41.6202],[46.2554,41.6223],[46.2578,41.6213],[46.2532,41.6199],[46.2531,41.6157],[46.256,41.6091],[46.2446,41.6131],[46.2492,41.609],[46.2505,41.5999],[46.2458,41.596],[46.24,41.5953],[46.2371,41.5971],[46.2372,41.6017],[46.2418,41.6044],[46.2275,41.605],[46.2199,41.6086],[46.2225,41.6115],[46.2214,41.6132],[46.215,41.6114],[46.2139,41.6151],[46.2072,41.6138],[46.2034,41.6155],[46.2038,41.6198],[46.2071,41.6225],[46.2025,41.627],[46.2123,41.628],[46.2058,41.6285],[46.2031,41.6314],[46.1986,41.6266],[46.1935,41.6254],[46.1923,41.6275],[46.1962,41.6313],[46.1945,41.6344],[46.1919,41.6345],[46.1918,41.6288],[46.1871,41.6265],[46.1844,41.6282],[46.1868,41.6329],[46.1855,41.6347],[46.173,41.6327],[46.1695,41.6359],[46.1646,41.6301],[46.1581,41.6354],[46.1486,41.6348],[46.144,41.6296],[46.1377,41.6291],[46.1356,41.6344],[46.1512,41.6445],[46.1513,41.6466],[46.1396,41.6429],[46.1331,41.638],[46.1261,41.6372],[46.1241,41.6399],[46.1313,41.6428],[46.1316,41.6485],[46.1261,41.6473],[46.1227,41.6491],[46.1211,41.6542],[46.1248,41.6588],[46.1174,41.6596],[46.1173,41.6643],[46.1141,41.6646],[46.109,41.6607],[46.1048,41.6642],[46.0983,41.6587],[46.0828,41.6614],[46.0809,41.6645],[46.0846,41.674],[46.0786,41.6758],[46.08,41.6793],[46.0782,41.6805],[46.074,41.6744],[46.0617,41.6757],[46.0522,41.6695],[46.0499,41.6732],[46.0507,41.6773],[46.0606,41.6831],[46.0511,41.6805],[46.0511,41.6868],[46.0466,41.6886],[46.0442,41.6871],[46.0431,41.6809],[46.0378,41.681],[46.0319,41.6835],[46.03,41.6871],[46.0196,41.6902],[46.022,41.6963],[46.0153,41.6937],[46.013,41.6962],[45.9843,41.7005],[45.9782,41.7058],[45.9766,41.7131]]]}},{"type":"Feature","properties":{"id":"GE2930","name":"თელავის","name_en":"Telavi","kind":"municipality"},"geometry":{"type":"Polygon","coordinates":[[[45.6151,42.2374],[45.6116,42.2386],[45.5978,42.2339],[45.591,42.2249],[45.5844,42.2208],[45.5714,42.225],[45.5574,42.2209],[45.5425,42.2217],[45.5297,42.2508],[45.534,42.2657],[45.5282,42.2673],[45.5231,42.2735],[45.5122,42.2744],[45.5059,42.2776],[45.478,42.2943],[45.4671,42.2959],[45.4424,42.2927],[45.4198,42.2734],[45.4402,42.2463],[45.4289,42.2367],[45.3934,42.2216],[45.3831,42.2043],[45.3811,42.1918],[45.3634,42.185],[45.3568,42.1725],[45.3688,42.1496],[45.3925,42.1243],[45.3994,42.1214],[45.4039,42.1153],[45.4046,42.1048],[45.4103,42.0961],[45.4009,42.0844],[45.4069,42.081],[45.4073,42.0736],[45.4112,42.0676],[45.4071,42.0644],[45.3999,42.0639],[45.4062,42.0495],[45.3996,42.0459],[45.4052,42.0359],[45.4192,42.0226],[45.4103,42.0134],[45.4174,42.011],[45.41,42.0007],[45.4064,42.0001],[45.4007,41.9869],[45.3967,41.9841],[45.3917,41.9851],[45.384,41.9656],[45.3804,41.9662],[45.3782,41.9641],[45.3705,41.951],[45.3615,41.9451],[45.3605,41.9471],[45.3537,41.9366],[45.3454,41.9332],[45.3407,41.9229],[45.3407,41.9071],[45.3158,41.8969],[45.3102,41.89],[45.31,41.8845],[45.3051,41.887],[45.3007,41.8821],[45.282,41.8801],[45.2775,41.8843],[45.2802,41.8785],[45.2787,41.8776],[45.2769,41.8809],[45.2733,41.881],[45.2716,41.8759],[45.2792,41.8732],[45.2783,41.8671],[45.282,41.8576],[45.2785,41.8483],[45.2837,41.843],[45.2912,41.8404],[45.2913,41.8374],[45.2953,41.8373],[45.2952,41.8344],[45.3072,41.8266],[45.3182,41.8135],[45.3668,41.8106],[45.3668,41.8085],[45.3778,41.8078],[45.3879,41.8016],[45.4081,41.7988],[45.432,41.8063],[45.4485,41.8062],[45.4679,41.8144],[45.4963,41.8149],[45.5137,41.8121],[45.522,41.8086],[45.5179,41.8064],[45.5368,41.7984],[45.5379,41.8006],[45.5301,41.8082],[45.5315,41.8123],[45.5397,41.8194],[45.5318,41.8251],[45.5389,41.8342],[45.5515,41.834],[45.5626,41.8295],[45.5776,41.8365],[45.5895,41.8493],[45.5999,41.852],[45.6053,41.8506],[45.6306,41.8578],[45.6367,41.8631],[45.6364,41.8655],[45.6431,41.8693],[45.6565,41.8712],[45.6629,41.8754],[45.6647,41.8793],[45.6779,41.8851],[45.6787,41.8876],[45.7023,41.8954],[45.714,41.903],[45.7177,41.909],[45.7067,41.9143],[45.7031,41.9225],[45.6945,41.9234],[45.6918,41.9282],[45.6626,41.9442],[45.6448,41.9469],[45.6425,41.954],[45.6453,41.9575],[45.6296,41.9593],[45.6165,41.974],[45.606,41.9737],[45.5977,41.9825],[45.5848,41.9848],[45.5733,41.9937],[45.5707,41.9986],[45.5557,41.999],[45.5484,42.0121],[45.5584,42.0252],[45.5548,42.0295],[45.5496,42.0238],[45.5442,42.024],[45.5417,42.0287],[45.5496,42.032],[45.5519,42.0388],[45.5457,42.0398],[45.5475,42.0425],[45.5435,42.0426],[45.5445,42.0441],[45.5371,42.0501],[45.5329,42.0511],[45.5306,42.0456],[45.5282,42.0504],[45.5246,42.0476],[45.5247,42.0512],[45.5154,42.0492],[45.5173,42.0548],[45.5208,42.0574],[45.5267,42.0546],[45.5244,42.0577],[45.5282,42.0578],[45.5287,42.0628],[45.5382,42.0611],[45.545,42.0552],[45.5546,42.0535],[45.5594,42.0469],[45.5681,42.0427],[45.5698,42.0437],[45.5666,42.0466],[45.5653,42.0533],[45.57,42.0544],[45.5647,42.0605],[45.5673,42.0614],[45.5806,42.0585],[45.586,42.0597],[45.5853,42.0565],[45.5903,42.0595],[45.6014,42.0583],[45.6082,42.0481],[45.6323,42.0515],[45.6656,42.0637],[45.6897,42.0745],[45.7056,42.0991],[45.7186,42.1039],[45.7269,42.1114],[45.7307,42.1196],[45.741,42.1312],[45.7402,42.1364],[45.7436,42.1421],[45.749,42.1454],[45.7475,42.1486],[45.7407,42.1518],[45.7266,42.1537],[45.7225,42.1585],[45.7213,42.1646],[45.7082,42.1693],[45.7022,42.1742],[45.6847,42.1787],[45.673,42.1858],[45.6496,42.1863],[45.6331,42.1984],[45.6236,42.2094],[45.6136,42.2102],[45.6097,42.2134],[45.6078,42.2192],[45.6095,42.2325],[45.6149,42.2372],[45.6151,42.2374]],[[45.4842,41.9454],[45.4862,41.9442],[45.4841,41.9422],[45.4901,41.9387],[45.4876,41.9367],[45.4827,41.9377],[45.4815,41.9356],[45.4839,41.9338],[45.4774,41.9281],[45.489,41.9207],[45.4971,41.9206],[45.5101,41.9379],[45.509,41.9356],[45.5184,41.9308],[45.5218,41.9375],[45.5184,41.9296],[45.5243,41.9262],[45.5268,41.9289],[45.531,41.9265],[45.5341,41.9296],[45.5356,41.9288],[45.5327,41.9256],[45.5279,41.9231],[45.524,41.9259],[45.521,41.9248],[45.5145,41.9198],[45.5111,41.9208],[45.5041,41.9143],[45.4998,41.9168],[45.4899,41.9093],[45.4844,41.9083],[45.4651,41.9064],[45.4659,41.9095],[45.4619,41.9124],[45.4426,41.9164],[45.441,41.9182],[45.4565,41.9252],[45.4626,41.9318],[45.4718,41.9366],[45.4802,41.9472],[45.484,41.9455],[45.4842,41.9454]]]}},{"type":"Feature","properties":{"id":"GE2911","name":"ქ. თელავი","name_en":"Telavi City","kind":"city"},"geometry":{"type":"Polygon","coordinates":[[[45.4842,41.9454],[45.4802,41.9472],[45.4718,41.9366],[45.4626,41.9318],[45.4565,41.9252],[45.441,41.9182],[45.4426,41.9164],[45.4619,41.9124],[45.4659,41.9095],[45.4651,41.9064],[45.4844,41.9083],[45.4899,41.9093],[45.4998,41.9168],[45.5041,41.9143],[45.5111,41.9208],[45.5145,41.9198],[45.521,41.9248],[45.524,41.9259],[45.5279,41.9231],[45.5327,41.9256],[45.5356,41.9288],[45.5341,41.9296],[45.531,41.9265],[45.5268,41.9289],[45.5243,41.9262],[45.5184,41.9296],[45.5218,41.9375],[45.5184,41.9308],[45.509,41.9356],[45.5101,41.9379],[45.4971,41.9206],[45.489,41.9207],[45.4774,41.9281],[45.4839,41.9338],[45.4815,41.9356],[45.4827,41.9377],[45.4876,41.9367],[45.4901,41.9387],[45.4841,41.9422],[45.4852,41.9449],[45.4842,41.9454]]]}},{"type":"Feature","properties":{"id":"GE2631","name":"თერჯოლის","name_en":"Terjola","kind":"municipality"},"geometry":{"type":"Polygon","coordinates":[[[43.1287,42.2208],[43.1135,42.2287],[43.1096,42.2332],[43.1215,42.239],[43.1303,42.2386],[43.128,42.2431],[43.1322,42.246],[43.1301,42.2464],[43.133,42.2496],[43.1311,42.2504],[43.1327,42.2545],[43.1194,42.2608],[43.1213,42.265],[43.1132,42.2758],[43.1169,42.2781],[43.1209,42.2861],[43.1226,42.3023],[43.1272,42.3057],[43.1138,42.3046],[43.1134,42.3012],[43.1074,42.2969],[43.0973,42.2968],[43.0898,42.2934],[43.095,42.2882],[43.0896,42.2843],[43.0702,42.281],[43.0709,42.2777],[43.0626,42.2724],[43.042,42.2655],[43.038,42.2653],[43.0363,42.2717],[43.027,42.2769],[43.0138,42.2765],[43.0036,42.273],[43.003,42.2767],[43.0216,42.2897],[42.9933,42.293],[42.9935,42.2996],[42.9868,42.2995],[42.9711,42.2892],[42.957,42.2834],[42.9587,42.2818],[42.9552,42.2784],[42.9684,42.2663],[42.9649,42.2627],[42.9551,42.266],[42.9449,42.2638],[42.9479,42.2676],[42.9455,42.2679],[42.9439,42.2718],[42.9302,42.2663],[42.8914,42.2691],[42.875,42.2585],[42.866,42.2631],[42.8453,42.2604],[42.8422,42.2687],[42.8301,42.2699],[42.8282,42.2777],[42.8078,42.2928],[42.7952,42.2912],[42.7892,42.2955],[42.779,42.2964],[42.7563,42.2906],[42.7591,42.2883],[42.7554,42.2849],[42.7605,42.2836],[42.7618,42.281],[42.7566,42.2813],[42.7557,42.2729],[42.7465,42.2732],[42.7473,42.2709],[42.7422,42.268],[42.7341,42.2724],[42.7347,42.27],[42.7282,42.2648],[42.7269,42.2584],[42.7305,42.2543],[42.7227,42.2509],[42.727,42.2434],[42.7244,42.2385],[42.7208,42.2381],[42.7268,42.2314],[42.7218,42.2284],[42.7172,42.2191],[42.7222,42.2182],[42.7183,42.213],[42.7225,42.2076],[42.7329,42.2028],[42.7324,42.2002],[42.7171,42.1969],[42.7006,42.1989],[42.7084,42.1927],[42.713,42.1822],[42.7091,42.1584],[42.7364,42.1774],[42.7482,42.1819],[42.7547,42.192],[42.7611,42.1919],[42.7672,42.188],[42.7758,42.189],[42.7807,42.1922],[42.7835,42.1908],[42.7865,42.1962],[42.8063,42.1928],[42.8101,42.1952],[42.8144,42.1928],[42.8257,42.1943],[42.8234,42.1892],[42.8453,42.1847],[42.8446,42.1821],[42.8257,42.1855],[42.8238,42.1825],[42.8266,42.1788],[42.8067,42.1788],[42.8102,42.1739],[42.8488,42.174],[42.8542,42.1827],[42.8628,42.1795],[42.8627,42.1864],[42.8571,42.1877],[42.8575,42.1896],[42.8635,42.1884],[42.8666,42.1904],[42.8675,42.1881],[42.8655,42.1863],[42.8714,42.1848],[42.8738,42.1759],[42.8829,42.1757],[42.8865,42.1805],[42.9003,42.1782],[42.904,42.1759],[42.9063,42.1692],[42.9152,42.1645],[42.9171,42.1588],[42.9302,42.1574],[42.9319,42.1563],[42.9299,42.1537],[42.9373,42.1481],[42.9393,42.1498],[42.9491,42.142],[42.9599,42.1421],[42.9579,42.1452],[42.9608,42.1494],[42.9646,42.1517],[42.9751,42.1519],[42.9737,42.1562],[42.9776,42.1542],[42.9855,42.1555],[42.9997,42.1488],[42.9993,42.1535],[43.0024,42.1551],[43.0192,42.1577],[43.0159,42.1703],[43.0223,42.1772],[43.0193,42.1798],[43.0215,42.1846],[43.0183,42.1863],[43.0202,42.1914],[43.025,42.1931],[43.0264,42.1961],[43.0306,42.1964],[43.0307,42.2012],[43.0342,42.2013],[43.034,42.2047],[43.0423,42.2139],[43.0465,42.215],[43.0566,42.2123],[43.0591,42.2109],[43.0587,42.2082],[43.0677,42.2129],[43.0724,42.2081],[43.0775,42.2108],[43.0766,42.2136],[43.0814,42.2129],[43.0873,42.216],[43.0913,42.2161],[43.0893,42.2136],[43.0946,42.213],[43.1124,42.2144],[43.1141,42.2106],[43.1118,42.2096],[43.1141,42.2075],[43.1109,42.2086],[43.1134,42.2051],[43.1111,42.2039],[43.12,42.2031],[43.129,42.2083],[43.1253,42.216],[43.1287,42.2208]]]}},{"type":"Feature","properties":{"id":"GE4430","name":"თეთრიწყაროს","name_en":"Tetritskaro","kind":"municipality"},"geometry":{"type":"Polygon","coordinates":[[[44.4823,41.7643],[44.4831,41.757],[44.4778,41.7523],[44.4776,41.7491],[44.4656,41.7445],[44.4534,41.7439],[44.4473,41.7396],[44.4362,41.7376],[44.4261,41.7421],[44.405,41.7421],[44.3958,41.7469],[44.3845,41.7446],[44.3746,41.7504],[44.3756,41.754],[44.3724,41.7569],[44.3618,41.7633],[44.3617,41.7682],[44.358,41.7706],[44.3606,41.7733],[44.3585,41.7764],[44.3554,41.779],[44.3499,41.7792],[44.3392,41.7776],[44.341,41.775],[44.3382,41.7734],[44.3251,41.7709],[44.3231,41.7695],[44.3232,41.7613],[44.3124,41.7574],[44.2932,41.7574],[44.2866,41.752],[44.2862,41.7484],[44.2758,41.7444],[44.2535,41.7495],[44.2479,41.748],[44.242,41.7423],[44.2343,41.7406],[44.2196,41.745],[44.2077,41.7429],[44.2065,41.7301],[44.2086,41.722],[44.2161,41.7181],[44.2166,41.7141],[44.2203,41.7127],[44.2249,41.6987],[44.2382,41.6992],[44.2496,41.704],[44.2603,41.702],[44.2535,41.7002],[44.2498,41.6963],[44.2377,41.6947],[44.2401,41.6899],[44.2383,41.6768],[44.2283,41.6761],[44.2298,41.6787],[44.2165,41.6791],[44.2135,41.6643],[44.2063,41.6601],[44.2251,41.6517],[44.2326,41.6375],[44.2418,41.6359],[44.2375,41.6292],[44.2412,41.6162],[44.2302,41.6183],[44.2042,41.6171],[44.2168,41.6036],[44.2119,41.5939],[44.2048,41.5863],[44.2245,41.577],[44.2255,41.5709],[44.2235,41.5696],[44.232,41.5632],[44.2301,41.5604],[44.2314,41.5578],[44.2476,41.5473],[44.2643,41.5192],[44.2622,41.5147],[44.258,41.5141],[44.2545,41.5101],[44.2551,41.5068],[44.2496,41.5055],[44.2505,41.5026],[44.2436,41.4986],[44.2458,41.4933],[44.2377,41.4821],[44.2409,41.4773],[44.237,41.474],[44.2385,41.4585],[44.2414,41.4568],[44.2463,41.455],[44.2515,41.4565],[44.2541,41.4532],[44.2607,41.4571],[44.268,41.4524],[44.2833,41.4526],[44.2863,41.4565],[44.294,41.4589],[44.2997,41.4659],[44.3044,41.4638],[44.3058,41.4665],[44.3186,41.4617],[44.3277,41.4643],[44.3354,41.4601],[44.3433,41.4603],[44.3645,41.469],[44.3681,41.4716],[44.3677,41.4742],[44.3756,41.477],[44.3791,41.4838],[44.3875,41.4853],[44.3913,41.4833],[44.394,41.4851],[44.3992,41.4831],[44.4023,41.4856],[44.4093,41.4817],[44.4197,41.4816],[44.4269,41.4847],[44.4298,41.4832],[44.4336,41.4851],[44.4363,41.4822],[44.4519,41.4854],[44.4527,41.482],[44.4552,41.4817],[44.4604,41.4845],[44.4588,41.4877],[44.4669,41.4878],[44.4686,41.4912],[44.4659,41.4942],[44.4701,41.499],[44.5186,41.5067],[44.5443,41.4973],[44.5531,41.4966],[44.5662,41.5013],[44.5656,41.4997],[44.5692,41.5],[44.5757,41.4918],[44.6036,41.4819],[44.6125,41.4851],[44.6108,41.4873],[44.6157,41.4913],[44.6213,41.4895],[44.6304,41.4911],[44.6371,41.4957],[44.6678,41.4917],[44.6722,41.4878],[44.6799,41.4894],[44.6947,41.4835],[44.7088,41.484],[44.7284,41.4912],[44.7267,41.4992],[44.7284,41.5002],[44.7216,41.5059],[44.7287,41.5047],[44.7316,41.5078],[44.7426,41.5098],[44.7498,41.5214],[44.7687,41.5152],[44.779,41.5236],[44.7837,41.524],[44.7909,41.5195],[44.7874,41.5294],[44.8039,41.5468],[44.825,41.5369],[44.8325,41.5444],[44.832,41.5601],[44.8381,41.5662],[44.7973,41.5807],[44.7815,41.5942],[44.7771,41.5955],[44.7778,41.5977],[44.7724,41.6045],[44.7642,41.607],[44.7571,41.6132],[44.7546,41.6159],[44.7549,41.6202],[44.7485,41.6251],[44.7486,41.6278],[44.736,41.6324],[44.7306,41.6375],[44.7042,41.6428],[44.6737,41.6417],[44.6735,41.6479],[44.656,41.6383],[44.6536,41.6407],[44.6491,41.6375],[44.6447,41.6394],[44.6407,41.6361],[44.6336,41.638],[44.6229,41.6589],[44.6161,41.6601],[44.6162,41.6656],[44.6025,41.6771],[44.5996,41.6849],[44.5964,41.6872],[44.613,41.6936],[44.6133,41.6917],[44.6178,41.6923],[44.6017,41.7059],[44.6021,41.7087],[44.608,41.713],[44.6002,41.7193],[44.5977,41.7187],[44.5846,41.7307],[44.5886,41.7308],[44.5862,41.7337],[44.576,41.7316],[44.5685,41.7365],[44.5595,41.7469],[44.5615,41.7505],[44.56,41.7552],[44.5223,41.7617],[44.5052,41.761],[44.4967,41.7565],[44.486,41.7599],[44.4825,41.7643],[44.4823,41.7643]]]}},{"type":"Feature","properties":{"id":"GE3227","name":"თიანეთის მუნიციპალიტეტი","name_en":"Tianeti","kind":"municipality"},"geometry":{"type":"Polygon","coordinates":[[[45.1901,42.3183],[45.2251,42.3247],[45.24,42.3326],[45.2451,42.3377],[45.2453,42.3498],[45.2404,42.3714],[45.2338,42.3823],[45.2256,42.3879],[45.193,42.375],[45.1881,42.3696],[45.106,42.3531],[45.0986,42.3503],[45.0912,42.3421],[45.0773,42.3373],[45.0727,42.3387],[45.0717,42.3413],[45.0782,42.3537],[45.0754,42.3558],[45.0652,42.3551],[45.0559,42.3598],[45.0338,42.3654],[45.0273,42.3544],[45.0125,42.3414],[45.0051,42.3394],[45.0032,42.3283],[44.9859,42.3135],[44.9712,42.2885],[44.9601,42.2844],[44.9469,42.2871],[44.9414,42.2923],[44.9366,42.2905],[44.9361,42.2822],[44.9312,42.2746],[44.9161,42.2581],[44.9112,42.2475],[44.9008,42.2357],[44.8868,42.2269],[44.8766,42.2246],[44.8664,42.2165],[44.8639,42.2007],[44.8657,42.1945],[44.8685,42.1908],[44.8743,42.1909],[44.8801,42.185],[44.8845,42.1855],[44.8877,42.1812],[44.8847,42.1769],[44.8811,42.1777],[44.8752,42.1736],[44.8654,42.1585],[44.8567,42.1546],[44.8585,42.1473],[44.8544,42.1327],[44.8648,42.1205],[44.8693,42.1063],[44.8845,42.1047],[44.8863,42.0967],[44.8965,42.0928],[44.8931,42.0816],[44.8929,42.0694],[44.8966,42.0609],[44.8966,42.0492],[44.9056,42.0368],[44.9042,42.0306],[44.8987,42.027],[44.8681,42.0251],[44.8607,42.0203],[44.8637,42.0094],[44.8584,41.9808],[44.8604,41.9656],[44.8542,41.9571],[44.8745,41.9399],[44.8889,41.9313],[44.8929,41.9233],[44.904,41.913],[44.9072,41.9053],[44.9154,41.9012],[44.9244,41.8987],[44.9462,41.8998],[44.9723,41.8952],[44.9999,41.8949],[45.0311,41.8868],[45.032,41.8697],[45.0374,41.8616],[45.0374,41.8508],[45.0537,41.8479],[45.058,41.8531],[45.058,41.8643],[45.0626,41.8643],[45.0607,41.865],[45.0611,41.8694],[45.0662,41.8716],[45.0655,41.8738],[45.0682,41.8756],[45.0805,41.8731],[45.1034,41.8824],[45.0877,41.8918],[45.0883,41.8947],[45.0971,41.9006],[45.0923,41.9071],[45.0854,41.908],[45.0869,41.9108],[45.0811,41.9103],[45.0803,41.9167],[45.0925,41.9167],[45.0999,41.9131],[45.1004,41.9091],[45.1121,41.905],[45.1146,41.8992],[45.1237,41.8989],[45.1277,41.9009],[45.1434,41.8913],[45.1419,41.8957],[45.1491,41.8991],[45.1605,41.8954],[45.1637,41.9023],[45.1788,41.9159],[45.1955,41.9126],[45.2011,41.915],[45.1965,41.9301],[45.1754,41.937],[45.1745,41.9405],[45.1791,41.9425],[45.1773,41.9473],[45.1487,41.9446],[45.1432,41.9515],[45.1258,41.9591],[45.1046,41.9522],[45.0972,41.9529],[45.0917,41.9557],[45.0816,41.968],[45.0816,41.9735],[45.0669,41.9818],[45.0678,41.9873],[45.078,42.0003],[45.0863,42.0044],[45.0881,42.0106],[45.0927,42.0127],[45.0946,42.0237],[45.0817,42.0374],[45.0753,42.0395],[45.0716,42.0436],[45.0559,42.0676],[45.0606,42.0766],[45.0763,42.0937],[45.0744,42.0972],[45.0661,42.1061],[45.0449,42.1123],[45.0449,42.1178],[45.0495,42.1267],[45.0689,42.1356],[45.0782,42.1356],[45.0818,42.1397],[45.0791,42.1466],[45.081,42.1658],[45.0919,42.1814],[45.0925,42.1998],[45.0965,42.2027],[45.0935,42.2115],[45.0985,42.2164],[45.1023,42.2355],[45.1113,42.2404],[45.1123,42.25],[45.1244,42.2596],[45.13,42.2603],[45.1263,42.2789],[45.1301,42.279],[45.1334,42.2838],[45.1415,42.2881],[45.1488,42.2846],[45.1492,42.2805],[45.1541,42.2886],[45.1692,42.2908],[45.1779,42.2881],[45.1716,42.2911],[45.1727,42.2943],[45.1648,42.2981],[45.1692,42.2982],[45.1696,42.3005],[45.1678,42.3018],[45.1689,42.3063],[45.1659,42.308],[45.171,42.3116],[45.1763,42.3103],[45.1825,42.3137],[45.1808,42.3153],[45.1821,42.3178],[45.1859,42.3183],[45.1876,42.3161],[45.1899,42.3179],[45.1901,42.3183]]]}},{"type":"Feature","properties":{"id":"GE2636","name":"ტყიბულის","name_en":"Tkibuli","kind":"municipality"},"geometry":{"type":"Polygon","coordinates":[[[43.1245,42.3742],[43.1096,42.3821],[43.1053,42.3809],[43.0981,42.3722],[43.0931,42.3701],[43.0875,42.3697],[43.0769,42.3738],[43.0709,42.3682],[43.0472,42.3623],[43.0413,42.3663],[43.0307,42.3844],[43.0251,42.3895],[43.0153,42.3933],[42.989,42.3927],[42.9775,42.388],[42.9624,42.3915],[42.959,42.414],[42.975,42.4124],[42.9826,42.4163],[42.9862,42.4237],[42.9806,42.433],[42.9724,42.4391],[42.9661,42.4504],[42.9286,42.4772],[42.9073,42.4849],[42.8829,42.4876],[42.8764,42.4709],[42.8646,42.458],[42.8489,42.4532],[42.846,42.4474],[42.8365,42.4477],[42.8352,42.4301],[42.8263,42.4281],[42.8197,42.4309],[42.8189,42.4283],[42.8126,42.4316],[42.8012,42.4238],[42.7795,42.4237],[42.7698,42.4207],[42.765,42.4225],[42.7468,42.4187],[42.7323,42.421],[42.7323,42.4163],[42.7403,42.4085],[42.7395,42.3931],[42.7467,42.381],[42.7584,42.3712],[42.7611,42.3609],[42.7653,42.3571],[42.7632,42.3486],[42.7691,42.3405],[42.7689,42.3315],[42.7561,42.3135],[42.7512,42.3145],[42.7515,42.3071],[42.7455,42.3077],[42.7451,42.3058],[42.7261,42.3],[42.7294,42.295],[42.7359,42.2948],[42.736,42.2856],[42.7389,42.281],[42.7378,42.2707],[42.7419,42.268],[42.7473,42.2709],[42.7465,42.2732],[42.7557,42.2729],[42.7566,42.2813],[42.7618,42.2809],[42.7605,42.2836],[42.7554,42.2849],[42.7591,42.2883],[42.7563,42.2906],[42.779,42.2964],[42.7892,42.2955],[42.7952,42.2912],[42.8078,42.2928],[42.8282,42.2777],[42.8301,42.2699],[42.8422,42.2687],[42.8453,42.2604],[42.866,42.2631],[42.875,42.2585],[42.8914,42.2691],[42.9302,42.2663],[42.9439,42.2718],[42.9455,42.2679],[42.9479,42.2676],[42.9449,42.2638],[42.9551,42.266],[42.9649,42.2627],[42.9684,42.2663],[42.9552,42.2784],[42.9587,42.2818],[42.957,42.2834],[42.9711,42.2892],[42.9868,42.2995],[42.9935,42.2996],[42.9933,42.293],[43.0216,42.2897],[43.003,42.2767],[43.0036,42.273],[43.0138,42.2765],[43.027,42.2769],[43.0363,42.2717],[43.038,42.2653],[43.042,42.2655],[43.0626,42.2724],[43.0709,42.2777],[43.0702,42.281],[43.0896,42.2843],[43.095,42.2882],[43.0898,42.2934],[43.0973,42.2968],[43.1074,42.2969],[43.1134,42.3012],[43.113,42.3102],[43.1175,42.3147],[43.1157,42.3195],[43.1185,42.3235],[43.118,42.3381],[43.1239,42.3451],[43.1247,42.3504],[43.1308,42.3482],[43.1287,42.3629],[43.1303,42.367],[43.1259,42.3672],[43.1245,42.3742]]]}},{"type":"Feature","properties":{"id":"GE3531","name":"ცაგერის","name_en":"Tsageri","kind":"municipality"},"geometry":{"type":"Polygon","coordinates":[[[43.1191,42.7097],[43.1117,42.7169],[43.1013,42.7196],[43.1012,42.727],[43.061,42.7434],[43.0511,42.7455],[43.0283,42.7445],[43.0051,42.7558],[42.9721,42.7592],[42.9448,42.7702],[42.924,42.7664],[42.9138,42.7669],[42.8968,42.7613],[42.8934,42.7522],[42.8814,42.735],[42.8678,42.7265],[42.8626,42.7206],[42.8474,42.7195],[42.84,42.7151],[42.8415,42.7104],[42.839,42.6987],[42.8152,42.7017],[42.8082,42.6978],[42.7957,42.6961],[42.7679,42.677],[42.7708,42.6712],[42.7693,42.6647],[42.7601,42.6626],[42.7529,42.665],[42.7505,42.6684],[42.7385,42.6684],[42.721,42.6887],[42.7046,42.6957],[42.7013,42.7039],[42.6923,42.7086],[42.6655,42.7018],[42.6486,42.7073],[42.6254,42.7062],[42.6134,42.709],[42.6101,42.7071],[42.6003,42.6896],[42.5957,42.6902],[42.5744,42.7033],[42.567,42.698],[42.5494,42.6962],[42.5477,42.6921],[42.5517,42.6846],[42.5461,42.6845],[42.5483,42.6777],[42.5392,42.6706],[42.5444,42.657],[42.5692,42.6417],[42.5716,42.6287],[42.5699,42.6252],[42.5783,42.6234],[42.5824,42.6138],[42.5817,42.607],[42.5926,42.5952],[42.6059,42.5873],[42.6034,42.5783],[42.6156,42.5647],[42.618,42.5576],[42.6357,42.5434],[42.6219,42.5288],[42.6213,42.5147],[42.6224,42.5012],[42.6279,42.5032],[42.6294,42.5017],[42.6303,42.4885],[42.6373,42.4833],[42.6389,42.4715],[42.6358,42.4666],[42.6398,42.4653],[42.6893,42.4711],[42.6944,42.4767],[42.7027,42.4788],[42.7074,42.4889],[42.7199,42.5022],[42.7626,42.5016],[42.7704,42.4922],[42.7855,42.4849],[42.7957,42.4837],[42.8161,42.4862],[42.8315,42.4961],[42.8285,42.5015],[42.8336,42.5123],[42.8332,42.52],[42.8449,42.5252],[42.8449,42.5345],[42.8477,42.5376],[42.862,42.54],[42.8716,42.5362],[42.8978,42.5404],[42.9158,42.5507],[42.91,42.5688],[42.9062,42.5723],[42.9084,42.5786],[42.9069,42.5831],[42.9148,42.5851],[42.9183,42.5894],[42.9193,42.5974],[42.9239,42.6049],[42.9137,42.6202],[42.9225,42.6228],[42.9289,42.6311],[42.9454,42.6342],[42.9588,42.648],[42.9747,42.6565],[42.9799,42.6646],[42.977,42.6734],[42.9967,42.6742],[43.0156,42.6697],[43.0439,42.6779],[43.0553,42.6786],[43.0585,42.6796],[43.0716,42.7016],[43.0859,42.7073],[43.119,42.7097],[43.1191,42.7097]]]}},{"type":"Feature","properties":{"id":"GE3836","name":"წალენჯიხის","name_en":"Tsalenjikha","kind":"municipality"},"geometry":{"type":"Polygon","coordinates":[[[42.2166,42.8115],[42.2113,42.8152],[42.2017,42.8156],[42.1927,42.8196],[42.1911,42.8351],[42.1718,42.8353],[42.1544,42.8425],[42.149,42.8507],[42.1392,42.8567],[42.1237,42.8561],[42.1046,42.8623],[42.1008,42.8625],[42.1008,42.8492],[42.0925,42.8446],[42.0799,42.8291],[42.0598,42.8273],[42.0414,42.8374],[42.038,42.8326],[42.0276,42.8277],[42.0016,42.8262],[41.9866,42.8297],[41.9708,42.8381],[41.9488,42.8444],[41.9334,42.8422],[41.9125,42.8437],[41.9058,42.8475],[41.8994,42.8461],[41.8948,42.8421],[41.896,42.8407],[41.8936,42.8367],[41.8992,42.8337],[41.9006,42.8228],[41.9048,42.8147],[41.9016,42.8036],[41.9088,42.8019],[41.9068,42.7948],[41.9074,42.7824],[41.915,42.7755],[41.9099,42.7702],[41.9083,42.764],[41.9137,42.7441],[41.9211,42.7292],[41.9221,42.7182],[41.9189,42.7142],[41.9261,42.7021],[41.9386,42.6913],[41.9366,42.6831],[41.9384,42.681],[41.9343,42.6711],[41.9363,42.668],[41.9325,42.665],[41.9329,42.6583],[41.9364,42.6591],[41.9374,42.655],[41.9349,42.6532],[41.9431,42.6519],[41.953,42.6399],[41.9382,42.6334],[41.9438,42.6242],[41.9453,42.6288],[41.9474,42.6252],[41.9532,42.6279],[41.9578,42.6238],[41.9642,42.6291],[41.9672,42.628],[41.9654,42.6244],[41.9699,42.6243],[41.9725,42.6196],[41.978,42.6245],[41.9911,42.6267],[42.0031,42.6345],[42.0092,42.6309],[42.0167,42.6312],[42.0196,42.6278],[42.0172,42.6272],[42.0168,42.623],[42.0213,42.6214],[42.024,42.6112],[42.0297,42.6095],[42.0253,42.6022],[42.0268,42.601],[42.0099,42.586],[41.9939,42.5824],[41.988,42.5789],[41.9996,42.5725],[41.9985,42.5668],[42.0027,42.562],[42.0022,42.558],[42.0102,42.5558],[42.0141,42.5522],[42.0058,42.5413],[42.0172,42.5375],[42.0173,42.5337],[42.0229,42.5308],[42.0225,42.5289],[42.042,42.5326],[42.0414,42.529],[42.0484,42.5264],[42.0453,42.5229],[42.0457,42.5181],[42.0474,42.5182],[42.059,42.5271],[42.0718,42.533],[42.0713,42.5377],[42.0763,42.5379],[42.0814,42.5339],[42.0827,42.5397],[42.0863,42.538],[42.095,42.5448],[42.1081,42.5435],[42.1174,42.5374],[42.1163,42.5415],[42.1191,42.5428],[42.118,42.5452],[42.1209,42.5509],[42.1138,42.5543],[42.1197,42.5533],[42.1217,42.5572],[42.1168,42.5616],[42.1179,42.5656],[42.1156,42.5664],[42.121,42.5754],[42.1185,42.5773],[42.132,42.5909],[42.1277,42.5932],[42.1323,42.597],[42.1315,42.599],[42.1353,42.599],[42.1353,42.6022],[42.1405,42.6031],[42.135,42.6056],[42.14,42.6083],[42.1377,42.6114],[42.1395,42.6145],[42.1438,42.6137],[42.1452,42.622],[42.1546,42.6292],[42.153,42.6391],[42.1621,42.6396],[42.1611,42.643],[42.1659,42.6435],[42.1715,42.6483],[42.1765,42.6579],[42.175,42.6617],[42.1771,42.6635],[42.1743,42.6691],[42.156,42.6796],[42.1805,42.6892],[42.1871,42.6859],[42.2083,42.6896],[42.2154,42.6967],[42.2147,42.7011],[42.2348,42.721],[42.2519,42.7257],[42.2513,42.729],[42.2291,42.7366],[42.2257,42.742],[42.2364,42.751],[42.2371,42.7568],[42.2469,42.7746],[42.2463,42.7776],[42.2543,42.7806],[42.2567,42.7847],[42.233,42.7939],[42.2266,42.8024],[42.2172,42.8092],[42.2166,42.8115]]]}},{"type":"Feature","properties":{"id":"GE4434","name":"წალკის","name_en":"Tsalka","kind":"municipality"},"geometry":{"type":"Polygon","coordinates":[[[44.1552,41.7485],[44.1476,41.7453],[44.133,41.745],[44.1123,41.7395],[44.0979,41.7419],[44.0873,41.7409],[44.0747,41.7455],[44.0597,41.7426],[44.0499,41.7458],[44.0467,41.7513],[44.0304,41.7478],[44.0138,41.7494],[44.0049,41.7445],[43.9989,41.747],[43.9916,41.7446],[43.9723,41.747],[43.96,41.742],[43.9487,41.7475],[43.9294,41.7466],[43.9153,41.7499],[43.911,41.7526],[43.9091,41.7572],[43.8993,41.7592],[43.8795,41.7484],[43.8766,41.7398],[43.881,41.7281],[43.8582,41.7252],[43.8328,41.7145],[43.8294,41.7063],[43.835,41.6977],[43.8303,41.6998],[43.8171,41.6989],[43.7876,41.7123],[43.7685,41.713],[43.7504,41.7177],[43.7357,41.7178],[43.7262,41.7076],[43.7225,41.6991],[43.7214,41.6947],[43.7243,41.6857],[43.7096,41.6516],[43.7089,41.6473],[43.7114,41.6445],[43.7086,41.6353],[43.7096,41.6306],[43.7053,41.6258],[43.7087,41.6174],[43.7034,41.6014],[43.7035,41.5952],[43.6994,41.591],[43.7026,41.5837],[43.6981,41.5784],[43.6897,41.5744],[43.6926,41.5689],[43.6928,41.5585],[43.6758,41.5498],[43.6708,41.5417],[43.671,41.535],[43.6867,41.5275],[43.6866,41.5197],[43.6975,41.5198],[43.7027,41.5151],[43.7106,41.5167],[43.7185,41.5232],[43.7356,41.5251],[43.7415,41.5217],[43.7498,41.5283],[43.7698,41.5311],[43.7772,41.5344],[43.7854,41.5306],[43.7884,41.5325],[43.814,41.5294],[43.8368,41.5363],[43.8455,41.5301],[43.8498,41.521],[43.8663,41.5185],[43.8826,41.485],[43.8837,41.4715],[43.891,41.4698],[43.8997,41.4734],[43.9076,41.4815],[43.9194,41.4837],[43.921,41.4862],[43.9279,41.4848],[43.9479,41.4887],[43.9541,41.493],[43.96,41.503],[43.9903,41.5137],[44.0068,41.509],[44.0212,41.5005],[44.0321,41.4983],[44.0489,41.5036],[44.0687,41.5051],[44.0708,41.4979],[44.0773,41.496],[44.0804,41.5065],[44.0861,41.5064],[44.0894,41.5109],[44.0982,41.512],[44.1133,41.5233],[44.1249,41.5242],[44.1406,41.5192],[44.1535,41.5323],[44.1546,41.5444],[44.1598,41.5432],[44.1642,41.5476],[44.1809,41.5544],[44.1846,41.5545],[44.188,41.5507],[44.1955,41.5506],[44.1972,41.5526],[44.2007,41.5508],[44.2105,41.5545],[44.2161,41.5519],[44.2215,41.5567],[44.2278,41.558],[44.2335,41.5566],[44.2457,41.5475],[44.2484,41.5432],[44.2458,41.5394],[44.2566,41.5316],[44.2473,41.5475],[44.2314,41.5578],[44.2301,41.5604],[44.232,41.5632],[44.2235,41.5696],[44.2255,41.5709],[44.2238,41.5777],[44.2048,41.5863],[44.2119,41.5939],[44.2168,41.6036],[44.2042,41.6171],[44.2302,41.6183],[44.2412,41.6162],[44.2375,41.6292],[44.2418,41.6359],[44.2326,41.6375],[44.2251,41.6517],[44.2063,41.6601],[44.2135,41.6643],[44.2165,41.6791],[44.2298,41.6787],[44.2283,41.6761],[44.2383,41.6768],[44.2401,41.6899],[44.2377,41.6947],[44.25,41.6964],[44.2601,41.7026],[44.2496,41.704],[44.2382,41.6992],[44.2249,41.6987],[44.2203,41.7127],[44.2166,41.7141],[44.2161,41.7181],[44.2086,41.722],[44.2066,41.728],[44.2071,41.7434],[44.211,41.7501],[44.1959,41.7509],[44.1912,41.7536],[44.1894,41.751],[44.1714,41.7473],[44.1564,41.7487],[44.1552,41.7485]]]}},{"type":"Feature","properties":{"id":"GE2638","name":"წყალტუბოს","name_en":"Tskaltubo","kind":"municipality"},"geometry":{"type":"Polygon","coordinates":[[[42.8829,42.4876],[42.8537,42.4993],[42.8379,42.501],[42.8303,42.5057],[42.8285,42.5015],[42.8315,42.4961],[42.8161,42.4862],[42.7957,42.4837],[42.7789,42.4875],[42.7704,42.4922],[42.7626,42.5016],[42.7199,42.5022],[42.7074,42.4889],[42.7027,42.4788],[42.6944,42.4767],[42.6893,42.4711],[42.6398,42.4653],[42.6377,42.4584],[42.6255,42.4511],[42.6282,42.4474],[42.6201,42.4445],[42.6159,42.4269],[42.6097,42.4216],[42.6027,42.4206],[42.5964,42.4155],[42.5739,42.415],[42.5689,42.4109],[42.5668,42.4126],[42.5628,42.4109],[42.5607,42.4134],[42.5527,42.41],[42.5462,42.4103],[42.541,42.4047],[42.5376,42.4065],[42.5335,42.4028],[42.5343,42.3894],[42.5288,42.3801],[42.53,42.3753],[42.5395,42.376],[42.5406,42.3793],[42.5453,42.3779],[42.5481,42.3705],[42.5451,42.3675],[42.5469,42.3642],[42.539,42.3557],[42.5352,42.355],[42.538,42.3501],[42.5352,42.3499],[42.5328,42.346],[42.5346,42.3434],[42.5275,42.3424],[42.524,42.3374],[42.5173,42.3384],[42.5133,42.3353],[42.517,42.3307],[42.5118,42.327],[42.5098,42.3205],[42.5041,42.3164],[42.5045,42.3072],[42.5016,42.3068],[42.5001,42.3023],[42.5091,42.2906],[42.5073,42.2868],[42.5113,42.2855],[42.5068,42.2844],[42.5104,42.2795],[42.5067,42.2811],[42.5012,42.2761],[42.5062,42.2764],[42.5077,42.2682],[42.5071,42.2662],[42.5009,42.2662],[42.501,42.2685],[42.4977,42.2653],[42.4947,42.2494],[42.4996,42.2476],[42.4929,42.2364],[42.4964,42.2356],[42.4949,42.2327],[42.4974,42.2296],[42.4968,42.2257],[42.5045,42.2246],[42.5062,42.2146],[42.4985,42.216],[42.4986,42.2088],[42.4958,42.2088],[42.4946,42.2034],[42.4903,42.2031],[42.4906,42.1997],[42.4809,42.1954],[42.4804,42.1894],[42.4643,42.1879],[42.4659,42.1836],[42.4458,42.1782],[42.4442,42.1746],[42.469,42.1618],[42.4936,42.1736],[42.5074,42.1745],[42.506,42.1712],[42.512,42.1685],[42.5077,42.1624],[42.502,42.16],[42.5003,42.154],[42.5096,42.152],[42.5263,42.1599],[42.5413,42.158],[42.5376,42.1573],[42.537,42.1423],[42.5292,42.142],[42.5235,42.1337],[42.529,42.1134],[42.5266,42.113],[42.531,42.1095],[42.5443,42.1093],[42.5503,42.1117],[42.5574,42.1072],[42.571,42.1088],[42.5904,42.1038],[42.6029,42.1073],[42.6118,42.104],[42.6208,42.1061],[42.6344,42.105],[42.6374,42.1007],[42.6453,42.104],[42.6479,42.1124],[42.6637,42.1211],[42.6606,42.1274],[42.668,42.1285],[42.673,42.1342],[42.6912,42.1395],[42.6999,42.1463],[42.7029,42.1519],[42.709,42.1543],[42.713,42.1822],[42.7084,42.1927],[42.6916,42.204],[42.6914,42.2115],[42.6953,42.216],[42.6936,42.219],[42.6885,42.2183],[42.6888,42.2265],[42.6765,42.2286],[42.6713,42.2221],[42.6641,42.2249],[42.6659,42.2275],[42.6613,42.2278],[42.6637,42.2312],[42.6622,42.2335],[42.6564,42.2341],[42.654,42.2376],[42.6623,42.2409],[42.6559,42.2478],[42.6586,42.2514],[42.6615,42.2513],[42.6596,42.255],[42.6449,42.2478],[42.641,42.2527],[42.6377,42.2526],[42.6375,42.2462],[42.6335,42.2452],[42.6131,42.2463],[42.6033,42.2551],[42.5986,42.2555],[42.6006,42.2615],[42.6041,42.2618],[42.6054,42.2647],[42.6054,42.2709],[42.634,42.2634],[42.6409,42.2677],[42.65,42.2668],[42.6535,42.2699],[42.6631,42.2694],[42.67,42.2741],[42.6775,42.2751],[42.6816,42.2811],[42.6852,42.28],[42.6921,42.2859],[42.7061,42.2854],[42.7067,42.2884],[42.714,42.29],[42.7176,42.286],[42.7209,42.2866],[42.7229,42.2922],[42.7138,42.2963],[42.7137,42.3035],[42.7079,42.3078],[42.7029,42.32],[42.7067,42.3218],[42.7106,42.3211],[42.7123,42.3173],[42.7173,42.3145],[42.7253,42.2996],[42.7451,42.3058],[42.7455,42.3077],[42.7515,42.3071],[42.7512,42.3145],[42.7561,42.3135],[42.7669,42.3274],[42.7691,42.3405],[42.7632,42.3486],[42.7653,42.3571],[42.7611,42.3609],[42.7593,42.3697],[42.7467,42.381],[42.7395,42.3931],[42.7403,42.4085],[42.7323,42.4163],[42.7323,42.421],[42.7468,42.4187],[42.765,42.4225],[42.7698,42.4207],[42.7795,42.4237],[42.8012,42.4238],[42.8126,42.4316],[42.8189,42.4283],[42.8197,42.4309],[42.8263,42.4281],[42.8352,42.4301],[42.8365,42.4477],[42.846,42.4474],[42.8489,42.4532],[42.8646,42.458],[42.8764,42.4709],[42.882,42.4848],[42.8829,42.4876]]]}},{"type":"Feature","properties":{"id":"GE2627","name":"ვანის","name_en":"Vani","kind":"municipality"},"geometry":{"type":"Polygon","coordinates":[[[42.5266,42.113],[42.5037,42.115],[42.4867,42.121],[42.485,42.1269],[42.4613,42.1288],[42.4448,42.1355],[42.4196,42.1315],[42.3961,42.1364],[42.4043,42.1111],[42.4056,42.1081],[42.4089,42.1082],[42.407,42.1058],[42.4129,42.0992],[42.414,42.0939],[42.4165,42.0929],[42.4304,42.0983],[42.4342,42.0892],[42.431,42.0888],[42.4305,42.084],[42.4249,42.0795],[42.428,42.0766],[42.4131,42.0726],[42.4083,42.0661],[42.4081,42.0644],[42.4232,42.0585],[42.4225,42.0555],[42.4253,42.0545],[42.4227,42.0451],[42.4239,42.0381],[42.4185,42.0376],[42.4224,42.0315],[42.4192,42.0245],[42.4221,42.01],[42.4295,42.0087],[42.4312,42.0056],[42.4428,42.0006],[42.4469,41.9998],[42.4493,42.0031],[42.4565,41.9991],[42.457,41.9941],[42.4625,41.9952],[42.4626,42.0004],[42.4652,42.0028],[42.4768,41.9947],[42.4848,41.9996],[42.4901,41.9944],[42.5008,41.9931],[42.5426,41.9643],[42.5767,41.9463],[42.6061,41.9483],[42.6365,41.9466],[42.6427,41.9434],[42.6498,41.9354],[42.659,41.9297],[42.6606,41.9177],[42.6634,41.9161],[42.6697,41.8975],[42.6696,41.8944],[42.6605,41.8883],[42.6626,41.8804],[42.6691,41.8711],[42.66,41.8589],[42.6638,41.8474],[42.6618,41.8406],[42.6644,41.8309],[42.6841,41.824],[42.6901,41.8179],[42.7281,41.8194],[42.7209,41.8203],[42.7142,41.8293],[42.7142,41.8327],[42.7248,41.8398],[42.7242,41.8432],[42.7311,41.8563],[42.7286,41.8598],[42.7298,41.8642],[42.727,41.8726],[42.7296,41.891],[42.7427,41.9034],[42.7461,41.9098],[42.7449,41.9109],[42.7488,41.9169],[42.7484,41.9259],[42.7539,41.9357],[42.7531,41.9393],[42.7506,41.9403],[42.7567,41.9424],[42.7574,41.9474],[42.7623,41.9512],[42.7681,41.9615],[42.7788,41.9664],[42.7855,41.984],[42.7965,41.9882],[42.8002,42.0006],[42.8036,42.0018],[42.8073,42.0113],[42.7983,42.0062],[42.7768,42.0097],[42.7836,42.0158],[42.7688,42.0277],[42.7675,42.0241],[42.758,42.0178],[42.7582,42.0204],[42.7468,42.0182],[42.741,42.0243],[42.7382,42.0353],[42.7464,42.0429],[42.7418,42.0506],[42.7493,42.0587],[42.7577,42.0572],[42.7577,42.0609],[42.7373,42.0639],[42.7369,42.0683],[42.7425,42.0739],[42.7416,42.0775],[42.7336,42.0802],[42.7328,42.085],[42.7295,42.0872],[42.7311,42.0926],[42.7207,42.0948],[42.719,42.0909],[42.715,42.0926],[42.7151,42.0881],[42.7125,42.0874],[42.6988,42.0914],[42.6988,42.0931],[42.6919,42.0932],[42.6899,42.1003],[42.6822,42.1043],[42.6718,42.1057],[42.6741,42.1133],[42.6674,42.1099],[42.6666,42.1124],[42.6694,42.1161],[42.6668,42.1163],[42.6688,42.1182],[42.6677,42.1227],[42.6479,42.1124],[42.6453,42.104],[42.6374,42.1007],[42.6344,42.105],[42.6208,42.1061],[42.6118,42.104],[42.6029,42.1073],[42.5904,42.1038],[42.571,42.1088],[42.5574,42.1072],[42.5503,42.1117],[42.5446,42.1094],[42.5319,42.1093],[42.5267,42.1129],[42.5266,42.113]]]}},{"type":"Feature","properties":{"id":"GE2629","name":"ზესტაფონის","name_en":"Zestaponi","kind":"municipality"},"geometry":{"type":"Polygon","coordinates":[[[43.215,42.1372],[43.2072,42.1375],[43.2113,42.1436],[43.211,42.1475],[43.2174,42.1517],[43.2107,42.1563],[43.207,42.1547],[43.2024,42.1591],[43.2089,42.1637],[43.2123,42.1623],[43.221,42.1642],[43.213,42.1752],[43.2165,42.1786],[43.2173,42.1876],[43.2125,42.1908],[43.2176,42.1933],[43.2176,42.1969],[43.2229,42.2024],[43.2206,42.216],[43.2179,42.2195],[43.2011,42.221],[43.1918,42.2294],[43.1883,42.2304],[43.1894,42.228],[43.1864,42.2275],[43.1751,42.2337],[43.1689,42.2333],[43.1634,42.2381],[43.1525,42.2367],[43.1569,42.2335],[43.1549,42.2324],[43.1501,42.2358],[43.1484,42.2344],[43.1505,42.2328],[43.1437,42.2249],[43.1366,42.2243],[43.133,42.2198],[43.1287,42.2208],[43.1253,42.216],[43.129,42.2083],[43.12,42.2031],[43.1111,42.2039],[43.1134,42.2051],[43.1109,42.2086],[43.1141,42.2075],[43.1118,42.2096],[43.1141,42.2106],[43.1124,42.2144],[43.0946,42.213],[43.0893,42.2136],[43.0913,42.2161],[43.0873,42.216],[43.0814,42.2129],[43.0766,42.2136],[43.0775,42.2108],[43.0724,42.2081],[43.0677,42.2129],[43.0587,42.2082],[43.0591,42.2109],[43.0566,42.2123],[43.0465,42.215],[43.0423,42.2139],[43.034,42.2047],[43.0342,42.2013],[43.0307,42.2012],[43.0306,42.1964],[43.0264,42.1961],[43.025,42.1931],[43.0202,42.1914],[43.0183,42.1863],[43.0215,42.1846],[43.0193,42.1798],[43.0223,42.1772],[43.0159,42.1703],[43.0192,42.1577],[43.0024,42.1551],[42.9993,42.1535],[42.9997,42.1488],[42.9855,42.1555],[42.9776,42.1542],[42.9737,42.1562],[42.9751,42.1519],[42.9646,42.1517],[42.9608,42.1494],[42.9579,42.1452],[42.9599,42.1421],[42.9491,42.142],[42.9393,42.1498],[42.9373,42.1481],[42.9299,42.1537],[42.9319,42.1563],[42.9302,42.1574],[42.9171,42.1588],[42.9152,42.1645],[42.9063,42.1692],[42.904,42.1759],[42.9003,42.1782],[42.8865,42.1805],[42.8829,42.1757],[42.8738,42.1759],[42.8714,42.1848],[42.8655,42.1863],[42.8675,42.1881],[42.8666,42.1904],[42.8635,42.1884],[42.8575,42.1896],[42.8571,42.1877],[42.8627,42.1864],[42.8628,42.1795],[42.8542,42.1827],[42.8488,42.174],[42.8102,42.1739],[42.8067,42.1788],[42.8266,42.1788],[42.8238,42.1825],[42.8257,42.1855],[42.8446,42.1821],[42.8453,42.1847],[42.8234,42.1892],[42.8268,42.1942],[42.8144,42.1928],[42.8101,42.1952],[42.8063,42.1928],[42.7899,42.1963],[42.7888,42.1929],[42.7837,42.1906],[42.7916,42.1883],[42.7868,42.1829],[42.7887,42.1791],[42.7947,42.1792],[42.7934,42.1604],[42.8212,42.1587],[42.8304,42.1482],[42.8323,42.1445],[42.8311,42.1411],[42.8356,42.1391],[42.8409,42.1414],[42.8427,42.1451],[42.8542,42.1459],[42.8582,42.149],[42.8622,42.1481],[42.8645,42.1434],[42.8739,42.1479],[42.8784,42.1399],[42.8823,42.1391],[42.8878,42.1332],[42.892,42.1376],[42.8972,42.1376],[42.8998,42.136],[42.8983,42.1293],[42.9008,42.1245],[42.9039,42.124],[42.9068,42.1177],[42.909,42.1175],[42.9069,42.1131],[42.9105,42.1084],[42.9069,42.1008],[42.9119,42.0847],[42.9354,42.0907],[42.941,42.09],[42.9495,42.0869],[42.957,42.075],[42.9728,42.0726],[42.9856,42.0662],[42.987,42.0626],[42.9978,42.0643],[43.0123,42.0606],[43.0156,42.0576],[43.0078,42.054],[43.0019,42.0557],[42.9985,42.0533],[42.9988,42.0423],[43.0339,42.0397],[43.0362,42.0464],[43.0435,42.0489],[43.0463,42.0439],[43.0537,42.0451],[43.0557,42.043],[43.0652,42.0475],[43.0658,42.0443],[43.0703,42.044],[43.0743,42.0486],[43.0802,42.0473],[43.0836,42.0517],[43.0964,42.0544],[43.0999,42.0522],[43.1085,42.0535],[43.1081,42.0609],[43.1103,42.0615],[43.127,42.0576],[43.1286,42.0536],[43.1415,42.0516],[43.1456,42.0569],[43.1396,42.0609],[43.1401,42.0629],[43.1445,42.063],[43.1434,42.0676],[43.1468,42.0725],[43.1482,42.0738],[43.1584,42.07],[43.1601,42.0755],[43.1617,42.0645],[43.1717,42.0629],[43.1851,42.0689],[43.1889,42.0748],[43.1955,42.0777],[43.1953,42.0833],[43.1924,42.0841],[43.1943,42.0858],[43.214,42.0869],[43.2146,42.0887],[43.2079,42.0887],[43.2087,42.0903],[43.2051,42.0915],[43.2067,42.0935],[43.2014,42.0926],[43.1987,42.0988],[43.2034,42.1102],[43.2058,42.1076],[43.2098,42.1096],[43.2088,42.1175],[43.2159,42.1266],[43.2132,42.136],[43.215,42.1372]]]}},{"type":"Feature","properties":{"id":"GE3825","name":"ზუგდიდის","name_en":"Zugdidi","kind":"municipality"},"geometry":{"type":"Polygon","coordinates":[[[42.0457,42.5181],[42.0455,42.5235],[42.0484,42.5263],[42.0414,42.529],[42.042,42.5326],[42.0225,42.5289],[42.0229,42.5308],[42.0173,42.5337],[42.0172,42.5375],[42.0058,42.5413],[42.0141,42.5522],[42.0102,42.5558],[42.0022,42.558],[42.0027,42.562],[41.9985,42.5668],[41.9996,42.5725],[41.988,42.5789],[41.9939,42.5824],[42.0099,42.586],[42.0268,42.601],[42.0253,42.6022],[42.0297,42.6095],[42.024,42.6112],[42.0213,42.6214],[42.0168,42.623],[42.0172,42.6272],[42.0197,42.6276],[42.0167,42.6312],[42.0092,42.6309],[42.0031,42.6345],[41.9911,42.6267],[41.978,42.6245],[41.9725,42.6196],[41.9699,42.6243],[41.9654,42.6244],[41.9672,42.628],[41.9652,42.6289],[41.9627,42.6292],[41.9578,42.6238],[41.9532,42.6279],[41.9474,42.6252],[41.9453,42.6288],[41.9438,42.6242],[41.9382,42.6334],[41.9283,42.6311],[41.9212,42.6325],[41.8959,42.6217],[41.8871,42.6121],[41.863,42.6002],[41.8512,42.5886],[41.8501,42.581],[41.8445,42.5707],[41.8192,42.5609],[41.7936,42.5457],[41.7885,42.5392],[41.7676,42.5309],[41.76,42.523],[41.7479,42.5217],[41.731,42.5151],[41.7216,42.5086],[41.7162,42.5123],[41.7125,42.5093],[41.6937,42.51],[41.6887,42.5069],[41.688,42.5031],[41.6722,42.499],[41.6544,42.4845],[41.6457,42.4825],[41.6383,42.475],[41.6538,42.4681],[41.6512,42.4556],[41.6554,42.4492],[41.6518,42.4471],[41.651,42.4434],[41.6543,42.4407],[41.6605,42.4448],[41.6614,42.4417],[41.6588,42.4373],[41.6462,42.4332],[41.633,42.4362],[41.6262,42.4339],[41.6093,42.4359],[41.6038,42.4278],[41.5871,42.4299],[41.5853,42.4255],[41.5754,42.4208],[41.5709,42.4155],[41.5504,42.4156],[41.5504,42.4095],[41.5579,42.3914],[41.5789,42.3816],[41.5905,42.3717],[41.6007,42.3567],[41.6142,42.3289],[41.624,42.3225],[41.6506,42.3233],[41.6539,42.3179],[41.6679,42.3171],[41.6763,42.3109],[41.6865,42.3074],[41.6974,42.3074],[41.7059,42.3039],[41.7131,42.3053],[41.7252,42.3179],[41.7292,42.3348],[41.7276,42.3401],[41.7334,42.3462],[41.728,42.3597],[41.7425,42.3612],[41.7529,42.3669],[41.7677,42.3635],[41.7686,42.3706],[41.7577,42.3772],[41.758,42.3887],[41.7677,42.402],[41.7783,42.4069],[41.7944,42.4079],[41.7972,42.4047],[41.7987,42.4102],[41.8111,42.4135],[41.8167,42.4119],[41.828,42.4059],[41.8301,42.3975],[41.8349,42.3996],[41.8433,42.3963],[41.8445,42.3905],[41.8545,42.3816],[41.8554,42.3762],[41.8593,42.3738],[41.8649,42.3726],[41.8666,42.37],[41.889,42.3652],[41.8917,42.3633],[41.8906,42.3617],[41.9122,42.3588],[41.9114,42.3627],[41.9142,42.3677],[41.9211,42.3682],[41.9181,42.3703],[41.9182,42.3756],[41.9212,42.3751],[41.9227,42.3785],[41.9278,42.3778],[41.9304,42.3815],[41.9364,42.3812],[41.9378,42.3839],[41.9418,42.3839],[41.9419,42.3872],[41.949,42.3915],[41.9493,42.3944],[41.9538,42.3955],[41.9695,42.4156],[41.9672,42.4208],[41.9564,42.4292],[41.9595,42.4413],[41.9528,42.4471],[41.9587,42.4566],[41.9694,42.4665],[41.9734,42.464],[41.9791,42.4692],[41.9796,42.4727],[41.9873,42.4707],[41.9994,42.4722],[42.0017,42.4679],[42.0124,42.4673],[42.0136,42.4744],[42.0216,42.4832],[42.0262,42.4822],[42.0239,42.48],[42.0287,42.481],[42.0293,42.485],[42.036,42.4881],[42.0304,42.4952],[42.0355,42.4995],[42.0281,42.502],[42.0348,42.5107],[42.0431,42.5071],[42.0468,42.5117],[42.044,42.5138],[42.0456,42.5178],[42.0457,42.5181]],[[41.8753,42.5328],[41.8776,42.531],[41.8841,42.5327],[41.8871,42.5309],[41.8847,42.5278],[41.8878,42.5254],[41.891,42.5272],[41.8939,42.5258],[41.8921,42.5192],[41.8951,42.5193],[41.8921,42.514],[41.8957,42.511],[41.8895,42.4966],[41.8823,42.4977],[41.8831,42.4928],[41.8682,42.4872],[41.8688,42.4812],[41.8666,42.4793],[41.8689,42.4783],[41.8673,42.4779],[41.8672,42.483],[41.8428,42.4921],[41.8393,42.4996],[41.8434,42.5012],[41.8413,42.5025],[41.8423,42.5043],[41.8335,42.5068],[41.8306,42.5113],[41.8242,42.51],[41.821,42.5169],[41.8286,42.5242],[41.8278,42.5285],[41.836,42.5254],[41.8452,42.5253],[41.8474,42.5278],[41.8522,42.5229],[41.8581,42.5262],[41.8564,42.5273],[41.8577,42.532],[41.8698,42.5266],[41.8714,42.5304],[41.8674,42.5322],[41.8694,42.5354],[41.8751,42.533],[41.8753,42.5328]]]}},{"type":"Feature","properties":{"id":"GE3811","name":"ქ. ზუგდიდი","name_en":"Zugdidi City","kind":"city"},"geometry":{"type":"Polygon","coordinates":[[[41.8753,42.5328],[41.8694,42.5354],[41.8674,42.5322],[41.8714,42.5304],[41.8698,42.5266],[41.8577,42.532],[41.8564,42.5273],[41.8581,42.5262],[41.8522,42.5229],[41.8474,42.5278],[41.8452,42.5253],[41.836,42.5254],[41.8278,42.5285],[41.8286,42.5242],[41.821,42.5169],[41.8242,42.51],[41.8306,42.5113],[41.8335,42.5068],[41.8423,42.5043],[41.8413,42.5025],[41.8434,42.5012],[41.8393,42.4996],[41.8428,42.4921],[41.8672,42.483],[41.8673,42.4779],[41.8689,42.4783],[41.8666,42.4793],[41.8688,42.4812],[41.8682,42.4872],[41.8831,42.4928],[41.8823,42.4977],[41.8895,42.4966],[41.8957,42.511],[41.8921,42.514],[41.8951,42.5193],[41.8921,42.5192],[41.8939,42.5258],[41.891,42.5272],[41.8878,42.5254],[41.8847,42.5278],[41.8871,42.5309],[41.8841,42.5327],[41.8776,42.531],[41.8754,42.5327],[41.8753,42.5328]]]}}]}